player,cfg3_per_g,cfg3a_per_g,cfg3,cfg3a,cfg3_pct,cft,cfta,cft_pct,cts_pct,cefg_pct,cfg3a_per_fga_pct,cusg_pct,fg3,fg3a,fg3_pct
Joe Alexander,0.6,2.1,51,173,.295,205,268,.765,.522,.478,.211,27.6,16,47,.340
Ryan Anderson,1.8,4.7,122,308,.396,276,328,.841,.605,.554,.356,29.4,1325,3491,.380
Darrell Arthur,0.0,0.2,2,17,.118,144,213,.676,.564,.543,.025,26.0,161,458,.352
D.J. Augustin,1.6,4.1,119,296,.402,323,400,.808,.569,.510,.331,20.9,1111,2930,.379
Jerryd Bayless,2.0,4.8,59,145,.407,187,223,.839,.612,.536,.384,29.2,499,1382,.361
Michael Beasley,1.1,2.9,36,95,.379,216,279,.774,.610,.563,.165,35.0,291,835,.349
Bobby Brown,2.6,7.0,307,814,.377,270,342,.789,.551,.523,.504,,96,303,.317
Mario Chalmers,1.6,3.9,180,430,.419,273,356,.767,.619,.584,.470,21.8,755,2153,.351
Joe Crawford,1.5,4.2,186,532,.350,228,325,.702,.543,.518,.455,24.9,1,4,.250
Joey Dorsey,0.0,0.0,0,0,,197,469,.420,.571,.614,.000,14.8,0,1,.000
Chris Douglas-Roberts,0.7,1.8,73,196,.372,362,499,.725,.611,.575,.191,26.7,84,255,.329
J.R. Giddens,1.7,4.8,203,580,.350,186,309,.602,.549,.540,.435,22.8,0,10,.000
Eric Gordon,2.2,6.5,70,208,.337,231,277,.834,.601,.515,.489,30.8,1553,4201,.370
Donté Greene,2.6,7.5,90,261,.345,94,133,.707,.531,.505,.501,24.9,165,542,.304
Malik Hairston,1.2,3.1,145,367,.395,275,428,.643,.580,.564,.302,23.3,2,12,.167
Roy Hibbert,0.0,0.0,3,3,,327,481,.680,.626,.605,.003,24.6,6,24,.250
J.J. Hickson,0.0,0.0,0,1,.000,132,195,.677,.621,.591,.004,26.8,0,21,.000
George Hill,0.9,2.3,90,223,.404,457,582,.785,.628,.574,.220,25.8,960,2499,.384
Steven Hill,0.0,0.0,0,1,,83,160,.519,.582,.589,.003,11.3,0,0,
Othello Hunter,0.1,0.2,4,13,.308,91,151,.603,.594,.587,.031,,0,0,
Darnell Jackson,0.0,0.0,2,6,,224,327,.685,.613,.582,.011,18.6,4,17,.235
Dontell Jefferson,0.3,1.0,18,65,.277,63,94,.670,.490,.438,.351,14.4,1,2,.500
Trey Johnson,1.9,4.9,180,471,.382,502,668,.751,.538,.487,.303,21.5,1,3,.333
DeAndre Jordan,0.0,0.0,0,0,,52,119,.437,.580,.617,.000,,1,11,.091
Kosta Koufos,0.6,1.7,22,63,.349,68,100,.680,.551,.533,.144,,0,4,.000
Rob Kurz,0.7,1.6,72,176,.409,333,411,.810,.600,.524,.271,21.0,15,38,.395
Courtney Lee,1.9,4.8,245,611,.401,389,476,.817,.572,.535,.353,25.4,876,2259,.388
Brook Lopez,0.1,0.4,3,21,.143,198,259,.764,.532,.482,.031,31.4,538,1580,.341
Robin Lopez,0.0,0.0,1,2,.500,128,209,.612,.535,.512,.004,21.1,46,156,.295
Kevin Love,0.7,2.1,29,82,.354,198,258,.767,.644,.595,.202,27.0,1223,3302,.370
Cartier Martin,1.6,4.0,178,446,.399,330,423,.780,.580,.537,.394,22.9,218,586,.372
O.J. Mayo,2.7,6.5,88,215,.409,122,152,.803,.562,.524,.401,31.8,854,2287,.373
Luc Mbah a Moute,0.2,0.9,20,93,.215,177,265,.668,.544,.516,.127,17.7,207,619,.334
JaVale McGee,0.2,0.7,16,45,.356,90,175,.514,.557,.560,.104,25.1,5,33,.152
Anthony Morrow,2.1,5.0,258,613,.421,196,226,.867,.589,.556,.567,20.8,807,1937,.417
DeMarcus Nelson,1.0,2.7,124,332,.373,266,454,.586,.543,.527,.327,22.8,0,3,.000
Greg Oden,0.0,0.0,0,0,,123,196,.628,.626,.616,.000,,0,0,
Anthony Randolph,0.1,0.6,2,19,.105,115,166,.693,.511,.467,.048,28.0,20,83,.241
Derrick Rose,0.9,2.6,35,104,.337,146,205,.712,.560,.517,.239,26.0,469,1541,.304
Brandon Rush,1.9,4.3,205,471,.435,200,273,.733,.558,.535,.395,21.8,522,1300,.402
Walter Sharpe,0.0,0.1,0,3,,56,112,.500,.532,.534,.014,26.4,0,2,.000
Sean Singletary,1.8,5.0,222,614,.362,573,677,.846,.546,.476,.388,27.7,10,25,.400
Marreese Speights,0.0,0.0,0,0,,110,160,.688,.647,.633,.000,,232,651,.356
Mike Taylor,2.5,6.9,77,214,.360,88,129,.682,.495,.464,.487,,13,40,.325
Jason Thompson,0.2,0.8,30,103,.291,492,738,.667,.569,.536,.071,26.8,6,42,.143
Anthony Tolliver,0.2,0.5,21,63,.333,275,410,.671,.548,.506,.087,20.4,861,2306,.373
Henry Walker,0.9,3.3,35,123,.285,117,161,.727,.533,.494,.271,28.7,190,515,.369
Kyle Weaver,0.4,1.3,43,155,.277,315,440,.716,.540,.489,.179,21.2,42,119,.353
Sonny Weems,1.3,3.7,93,254,.366,112,146,.767,.557,.534,.336,23.2,34,120,.283
Russell Westbrook,0.5,1.3,35,99,.354,124,181,.685,.532,.499,.200,21.8,977,3208,.305
D.J. White,0.0,0.0,1,3,,350,507,.690,.595,.563,.003,24.2,1,3,.333
Jawad Williams,1.0,2.8,124,355,.349,320,442,.724,.571,.538,.292,22.1,45,144,.313
Antonio Anderson,0.9,3.0,137,445,.308,273,421,.648,.516,.484,.430,16.2,0,0,
Jeff Ayres,0.0,0.1,0,9,.000,366,479,.764,.620,.580,.009,22.3,2,5,.400
DeJuan Blair,0.0,0.0,0,0,,191,311,.614,.582,.568,.000,24.6,0,9,.000
Jon Brockman,0.0,0.0,0,1,,369,603,.612,.553,.534,.001,21.3,0,1,.000
Derrick Brown,0.5,1.2,54,130,.415,252,351,.718,.640,.612,.189,18.2,13,41,.317
Chase Budinger,1.9,5.0,190,496,.383,309,395,.782,.580,.544,.389,24.8,413,1172,.352
DeMarre Carroll,0.2,0.7,27,96,.281,281,466,.603,.562,.547,.086,22.1,658,1839,.358
Earl Clark,0.5,1.8,56,188,.298,210,328,.640,.524,.498,.210,22.7,82,250,.328
Darren Collison,1.2,2.7,164,377,.435,349,410,.851,.594,.544,.318,21.8,635,1610,.394
Dante Cunningham,0.0,0.0,1,3,,305,440,.693,.561,.524,.003,15.3,216,626,.345
JamesOn Curry,2.0,4.8,197,488,.404,222,293,.758,.559,.528,.451,23.4,0,0,
Stephen Curry,4.0,9.7,414,1004,.412,479,547,.876,.620,.578,.538,38.3,2495,5739,.435
Austin Daye,0.9,2.2,62,147,.422,166,210,.790,.575,.530,.255,27.1,188,535,.351
DeMar DeRozan,0.2,1.0,6,36,.167,95,147,.646,.555,.531,.098,,341,1208,.282
Toney Douglas,1.8,4.9,240,639,.376,462,576,.802,.560,.513,.382,25.9,444,1256,.354
Wayne Ellington,2.0,5.0,229,577,.397,233,288,.809,.577,.549,.434,22.1,1016,2689,.378
Tyreke Evans,0.9,3.4,34,124,.274,138,194,.711,.529,.489,.246,33.1,500,1548,.323
Jonny Flynn,1.4,4.2,101,303,.333,290,371,.782,.567,.516,.340,21.5,118,349,.338
Sundiata Gaines,1.0,3.3,121,400,.303,336,569,.591,.490,.461,.325,21.9,44,146,.301
Alonzo Gee,0.9,2.8,115,354,.325,323,511,.632,.517,.490,.266,24.0,186,572,.325
Taj Gibson,0.0,0.0,0,0,,303,482,.629,.597,.580,.000,19.2,26,118,.220
Trey Gilder,0.4,1.5,25,95,,246,314,.783,.578,,.157,,0,0,
Danny Green,1.3,3.4,184,491,.375,202,239,.845,.574,.540,.455,22.3,1283,3205,.400
Taylor Griffin,0.1,0.5,13,59,.220,245,340,.721,.535,.478,.093,17.3,0,2,.000
Tyler Hansbrough,0.1,0.3,12,38,.316,982,1241,.791,.613,.539,.022,27.2,3,22,.136
James Harden,1.5,3.9,102,271,.376,373,494,.755,.618,.568,.329,30.5,2324,6394,.363
Gerald Henderson,0.7,2.0,69,210,.329,281,398,.706,.533,.493,.211,25.4,249,762,.327
Jordan Hill,0.0,0.0,0,0,,220,346,.636,.593,.578,.000,24.4,3,22,.136
Jrue Holiday,0.8,2.5,27,88,.307,45,62,.726,.532,.504,.353,19.3,927,2616,.354
Lester Hudson,3.5,9.5,230,619,.372,289,337,.858,.582,.543,.468,34.5,28,101,.277
Chris Hunter,0.3,1.0,34,107,.318,200,267,.749,.552,.496,.200,23.1,0,4,.000
Cedric Jackson,0.7,2.4,93,305,.305,279,439,.636,.482,.440,.325,21.2,1,6,.167
Othyus Jeffers,0.0,0.2,2,12,,213,351,.607,.510,.478,.018,,1,6,.167
James Johnson,0.8,2.8,50,169,.296,151,218,.693,.575,.551,.248,25.7,324,1046,.310
Oliver Lafayette,2.5,7.8,161,500,.322,174,240,.725,.487,.451,.573,,1,2,.500
Marcus Landry,0.5,1.5,65,180,.361,191,285,.670,.551,.527,.205,21.8,9,28,.321
Ty Lawson,1.1,2.6,112,278,.403,337,432,.780,.624,.579,.310,21.5,473,1319,.359
Wesley Matthews,0.8,2.3,100,293,.341,549,687,.799,.566,.488,.254,22.5,1663,4367,.381
Eric Maynor,1.1,3.0,142,384,.370,503,636,.791,.555,.498,.264,26.3,111,317,.350
Jodie Meeks,2.2,5.7,177,459,.386,299,336,.890,.598,.536,.520,29.8,775,2078,.373
Patty Mills,2.2,6.7,128,387,.331,174,216,.806,.538,.497,.496,27.3,1059,2719,.389
Byron Mullens,0.0,0.0,0,1,.000,52,93,.559,.629,.638,.005,24.0,111,348,.319
A.J. Price,1.6,4.4,158,433,.365,268,371,.722,.528,.489,.417,25.1,218,690,.316
DaJuan Summers,1.4,4.1,145,411,.353,248,341,.727,.565,.526,.490,24.2,29,79,.367
Jermaine Taylor,2.1,5.5,251,668,.376,308,403,.764,.577,.548,.438,34.0,19,67,.284
Jeff Teague,1.3,3.0,77,183,.421,293,361,.812,.586,.518,.268,24.3,672,1886,.356
Garrett Temple,0.8,3.0,113,406,.278,202,258,.783,.494,.443,.515,13.5,565,1626,.347
Hasheem Thabeet,0.0,0.0,0,0,,310,496,.625,.624,.611,.000,19.0,0,0,
Marcus Thornton,2.5,6.7,168,440,.382,243,315,.771,.572,.537,.428,30.1,735,2051,.358
Reggie Williams,1.8,5.8,196,649,.302,494,703,.703,.579,.550,.346,25.7,199,545,.365
Terrence Williams,1.4,4.4,195,609,.320,216,367,.589,.484,.467,.422,20.6,58,183,.317
Sam Young,0.8,2.3,115,323,.356,337,487,.692,.564,.538,.225,26.9,49,175,.280
Jeff Adrien,0.0,0.0,2,6,,397,655,.606,.542,.516,.005,19.6,0,2,.000
Solomon Alabi,0.0,0.0,0,1,,164,220,.745,.577,.534,.002,21.9,0,0,
Cole Aldrich,0.0,0.0,0,0,,256,351,.729,.612,.574,.000,21.0,0,0,
Al-Farouq Aminu,0.4,1.7,25,105,.238,241,351,.687,.541,.495,.160,27.5,535,1597,.335
James Anderson,2.2,5.9,225,600,.375,420,527,.797,.596,.549,.473,26.3,196,611,.321
Luke Babbitt,1.1,2.6,75,178,.421,351,393,.893,.591,.520,.192,26.8,394,979,.402
Eric Bledsoe,1.3,3.5,49,128,.383,82,123,.667,.566,.540,.410,20.4,682,2027,.336
Trevor Booker,0.2,0.5,23,71,,328,526,.624,.584,.569,.058,23.3,75,246,.305
Craig Brackins,0.7,2.5,69,236,.292,326,449,.726,.514,.472,.184,29.1,3,14,.214
Avery Bradley,1.2,3.3,42,112,.375,36,66,.545,.496,.489,.304,20.4,744,2042,.364
Derrick Caracter,0.1,0.2,5,16,,177,282,.628,.585,.567,.029,27.2,0,0,
Sherron Collins,1.6,4.3,232,615,.377,344,426,.808,.562,.523,.417,24.8,2,10,.200
Marcus Cousin,0.0,0.0,0,1,,155,208,.745,.542,.483,.002,15.1,0,0,
DeMarcus Cousins,0.0,0.2,1,6,.167,162,268,.604,.579,.560,.016,30.5,342,1031,.332
Jordan Crawford,1.7,4.4,109,284,.384,166,217,.765,.555,.523,.352,27.4,330,1041,.317
Ed Davis,0.0,0.0,0,0,,142,228,.623,.572,.548,.000,19.2,0,4,.000
Zabian Dowdell,1.7,4.7,210,572,.367,331,444,.745,.538,.502,.395,23.9,3,10,.300
Devin Ebanks,0.1,1.0,8,70,.114,215,292,.736,.527,.470,.117,19.8,8,36,.222
Jeremy Evans,0.1,0.2,12,33,.364,199,291,.684,.660,.648,.049,16.1,6,26,.231
Patrick Ewing,0.3,0.7,32,89,.360,115,197,.584,.570,.559,.228,17.1,0,2,.000
Derrick Favors,0.0,0.0,0,1,.000,90,143,.629,.621,.611,.003,21.8,36,174,.207
Landry Fields,0.8,2.3,103,301,.342,292,432,.676,.543,.511,.279,24.9,120,361,.332
Gary Forbes,1.0,3.2,125,418,.299,344,527,.653,.505,.471,.304,25.5,48,141,.340
Paul George,1.9,4.9,122,308,.396,212,264,.803,.579,.532,.430,24.6,1590,4172,.381
Blake Griffin,0.0,0.1,3,10,.300,307,521,.589,.620,.620,.013,29.5,407,1223,.333
Luke Harangody,0.3,1.0,42,129,.326,562,719,.782,.536,.486,.066,34.7,21,87,.241
Manny Harris,1.4,4.6,142,447,.318,484,585,.827,.534,.461,.348,30.6,53,150,.353
Gordon Hayward,1.7,4.6,116,314,.369,280,340,.824,.624,.562,.495,22.3,851,2327,.366
Lazar Hayward,1.2,3.4,169,473,.357,356,451,.789,.550,.509,.320,27.2,21,78,.269
Xavier Henry,1.9,4.6,69,165,.418,90,115,.783,.591,.555,.466,23.4,41,126,.325
Damion James,0.7,2.0,103,283,.364,404,631,.640,.541,.514,.192,23.7,0,6,.000
Eugene Jeter,1.7,4.7,200,536,.373,408,482,.846,.555,.497,.409,23.0,6,30,.200
Armon Johnson,0.7,2.4,70,242,.289,279,372,.750,.536,.497,.207,22.9,6,15,.400
Chris Johnson,0.2,0.8,19,66,.288,110,142,.775,.543,.507,.128,19.8,0,0,
Wesley Johnson,1.4,4.0,130,373,.349,239,311,.768,.555,.518,.367,24.3,614,1823,.337
Dominique Jones,1.7,5.2,160,495,.323,453,615,.737,.551,.502,.370,29.8,2,21,.095
Gani Lawal,0.0,0.0,0,3,.000,275,498,.552,.555,.548,.004,24.8,0,0,
Jeremy Lin,0.9,2.8,108,324,.333,363,495,.733,.576,.532,.308,27.7,449,1313,.342
Greg Monroe,0.1,0.5,9,33,.273,243,359,.677,.585,.550,.052,24.7,1,17,.059
Hamady N'Diaye,0.0,0.0,0,2,,184,311,.592,.559,.539,.004,15.0,0,0,
Gary Neal,2.9,8.0,305,850,.359,516,624,.827,.567,.515,.492,33.6,460,1203,.382
Larry Owens,0.4,1.2,27,78,.346,120,211,.569,.575,.571,.149,19.2,8,18,.444
Patrick Patterson,0.2,0.8,24,73,.329,306,417,.734,.625,.597,.069,21.3,590,1597,.369
Dexter Pittman,0.0,0.0,0,0,,208,346,.601,.625,.623,.000,25.2,0,0,
Quincy Pondexter,0.4,1.2,54,165,.327,428,557,.768,.572,.524,.127,24.4,211,593,.356
Andy Rautins,2.2,5.9,282,754,.374,119,156,.763,.571,.552,.830,18.2,1,4,.250
Samardo Samuels,0.0,0.0,0,1,,264,383,.689,.589,.549,.002,26.2,0,4,.000
Larry Sanders,0.0,0.2,4,16,,210,364,.577,.538,.523,.020,23.5,0,5,.000
Mustafa Shakur,0.8,2.2,100,282,.355,324,412,.786,.556,.502,.285,18.4,1,11,.091
Ish Smith,0.5,1.8,66,219,.301,132,273,.484,.461,.455,.203,20.6,258,809,.319
Lance Stephenson,0.5,2.1,16,73,.219,79,119,.664,.493,.462,.198,26.2,346,1099,.315
Evan Turner,0.5,1.5,54,149,.362,385,508,.758,.577,.527,.139,30.8,270,917,.294
Ekpe Udoh,0.1,0.4,13,45,.289,168,259,.649,.511,.481,.062,18.3,0,4,.000
Ben Uzoh,1.2,3.5,173,496,.349,464,593,.782,.564,.513,.343,23.2,3,9,.333
Greivis Vásquez,1.7,5.1,230,699,.329,439,530,.828,.537,.490,.395,26.0,412,1180,.349
John Wall,1.0,3.1,37,114,.325,175,232,.754,.562,.503,.260,25.7,539,1663,.324
Willie Warren,1.7,4.9,97,277,.350,215,273,.788,.590,.539,.457,24.8,5,15,.333
Hassan Whiteside,0.1,0.1,3,5,.600,110,187,.588,.548,.528,.016,25.8,8,25,.320
Lavoy Allen,0.1,0.5,19,66,.288,218,325,.671,.562,.542,.060,19.3,2,15,.133
Keith Benson,0.1,0.2,11,29,,524,772,.679,.597,.562,.024,23.7,0,0,
MarShon Brooks,1.4,4.2,158,475,.333,297,402,.739,.559,.526,.375,27.9,109,316,.345
Alec Burks,0.7,2.2,47,150,.313,398,495,.804,.592,.522,.175,30.0,405,1114,.364
Jimmy Butler,0.3,0.9,36,94,.383,461,596,.773,.607,.531,.122,19.0,504,1514,.333
Derrick Byars,1.6,4.0,198,499,.397,194,278,.698,.575,.556,.466,19.0,0,6,.000
Norris Cole,1.0,3.1,139,433,.321,485,587,.826,.539,.480,.278,26.8,207,639,.324
Justin Dentmon,1.0,2.9,133,381,.349,378,479,.789,.550,.490,.356,19.1,2,14,.143
Jerome Dyson,1.2,3.8,135,424,.318,449,611,.735,.499,.440,.316,29.0,1,8,.125
Kenneth Faried,0.0,0.1,3,12,,440,755,.583,.579,.570,.009,26.1,10,45,.222
Jeff Foote,0.0,0.0,0,0,,223,370,.603,.587,.573,.000,22.4,0,0,
Courtney Fortson,1.2,3.8,56,180,.311,195,288,.677,.490,.441,.285,30.5,3,13,.231
Jimmer Fredette,2.1,5.4,296,752,.394,627,711,.882,.596,.535,.408,30.5,193,519,.372
Mickell Gladness,0.0,0.0,0,3,,182,273,.667,.496,.442,.006,16.1,0,0,
Andrew Goudelock,2.8,6.8,396,958,.413,263,314,.838,.574,.552,.458,28.2,29,84,.345
Jordan Hamilton,2.1,5.6,148,393,.377,132,186,.710,.538,.516,.461,27.7,137,384,.357
Justin Harper,1.3,3.4,179,468,.382,204,287,.711,.584,.564,.421,24.6,8,29,.276
Josh Harrellson,0.1,0.3,9,29,.310,61,94,.649,.576,.562,.086,15.0,33,95,.347
Terrel Harris,1.1,3.1,153,418,.366,286,351,.815,.566,.517,.418,20.5,8,47,.170
Tobias Harris,0.7,2.2,23,76,.303,128,170,.753,.540,.489,.189,27.2,818,2244,.365
Cory Higgins,0.9,2.7,125,360,.347,570,691,.825,.580,.512,.258,24.2,5,25,.200
Darington Hobson,1.1,3.1,39,108,.361,130,199,.653,.520,.484,.246,26.9,0,6,.000
Tyler Honeycutt,1.1,3.1,65,181,.359,117,171,.684,.528,.497,.366,20.4,1,5,.200
Dennis Horner,0.7,1.9,86,240,.358,196,251,.781,.581,.536,.380,19.1,0,1,.000
Kyrie Irving,1.6,3.5,18,39,.462,64,71,.901,.697,.615,.375,26.4,1119,2870,.390
Reggie Jackson,1.2,3.5,121,345,.351,223,296,.753,.560,.527,.352,24.8,659,1955,.337
Charles Jenkins,1.4,3.7,180,471,.382,639,788,.811,.563,.505,.254,28.4,4,22,.182
Carldell Johnson,0.9,2.4,91,227,.401,78,109,.716,.528,.503,.489,11.6,4,15,.267
Ivan Johnson,0.0,0.1,0,4,.000,45,71,.634,.529,.500,.024,28.5,3,19,.158
JaJuan Johnson,0.1,0.4,15,60,.250,492,662,.743,.556,.506,.043,26.9,0,0,
Jerome Jordan,0.0,0.0,0,0,,414,595,.696,.605,.567,.000,24.2,0,0,
Cory Joseph,1.4,3.5,52,126,.413,51,73,.699,.526,.503,.391,17.3,293,883,.332
D.J. Kennedy,0.9,2.6,122,341,.358,432,579,.746,.551,.492,.313,21.1,2,4,.500
Brandon Knight,2.3,6.1,87,231,.377,136,171,.795,.553,.508,.450,27.0,711,2012,.353
Malcolm Lee,0.8,2.7,71,255,.278,218,304,.717,.536,.492,.361,21.1,10,34,.294
Kawhi Leonard,0.6,2.3,41,164,.250,195,262,.744,.513,.473,.195,26.0,764,1997,.383
Travis Leslie,0.2,0.6,19,57,.333,246,331,.743,.537,.492,.066,26.2,0,0,
Jon Leuer,0.8,2.2,100,272,.368,240,332,.723,.559,.529,.253,28.4,125,381,.328
DeAndre Liggins,0.6,1.9,62,187,.332,126,196,.643,.505,.472,.392,16.4,43,122,.352
Shelvin Mack,2.0,5.6,216,605,.357,281,372,.755,.544,.507,.493,26.3,302,916,.330
Vernon Macklin,0.0,0.0,0,1,,115,253,.455,.591,.610,.001,20.7,0,0,
E'Twaun Moore,1.7,4.6,243,639,.380,333,457,.729,.536,.508,.360,27.5,545,1397,.390
Darius Morris,0.3,1.5,23,103,.223,137,197,.695,.526,.491,.191,22.3,47,146,.322
Marcus Morris,0.4,1.1,44,123,.358,311,471,.660,.601,.579,.134,24.5,899,2449,.367
Markieff Morris,0.3,0.9,38,94,.404,203,311,.653,.603,.583,.152,21.8,529,1534,.345
Daniel Orton,0.0,0.1,0,2,.000,33,63,.524,.533,.527,.022,15.0,0,1,.000
Jeremy Pargo,0.6,1.8,75,241,.311,254,361,.704,.539,.504,.245,20.5,38,119,.319
Chandler Parsons,1.1,3.2,153,454,.337,245,401,.611,.560,.546,.411,19.6,687,1844,.373
Ryan Reid,0.0,0.0,1,1,,151,250,.604,.524,.496,.002,15.9,0,0,
Walker Russell,1.0,2.6,85,226,.376,357,424,.842,.571,.495,.271,22.7,4,13,.308
Josh Selby,1.3,3.6,34,94,.362,28,37,.757,.489,.461,.487,24.4,3,21,.143
Iman Shumpert,1.2,4.0,111,364,.305,281,381,.738,.503,.453,.373,23.9,489,1447,.338
Xavier Silas,1.7,4.7,168,466,.361,446,567,.787,.546,.482,.391,30.3,1,8,.125
Chris Singleton,1.1,3.3,104,315,.330,199,336,.592,.507,.484,.393,21.4,58,182,.319
Donald Sloan,0.8,2.5,116,345,.336,368,503,.732,.524,.475,.284,24.4,98,316,.310
Greg Smith,0.0,0.0,0,1,,171,303,.564,.579,.575,.002,21.1,0,1,.000
Jerry Smith,1.5,3.9,210,540,.389,197,270,.730,.599,.574,.616,18.8,1,6,.167
Nolan Smith,1.2,3.2,166,451,.368,411,514,.800,.551,.503,.303,25.6,19,73,.260
Greg Stiemsma,0.0,0.0,0,3,,44,58,.759,.577,.545,.016,16.0,0,1,.000
Julyan Stone,0.4,1.4,52,196,.265,243,394,.617,.512,.469,.329,12.6,10,32,.313
Isaiah Thomas,1.6,4.8,164,505,.325,449,630,.713,.538,.489,.388,26.6,1011,2781,.364
Lance Thomas,0.0,0.0,0,0,,177,295,.600,.550,.525,.000,13.4,165,433,.381
Malcolm Thomas,0.0,0.2,4,17,,297,512,.580,.550,.533,.020,20.7,1,11,.091
Trey Thompkins,0.9,2.5,79,221,.357,247,339,.729,.536,.504,.194,29.7,4,13,.308
Klay Thompson,2.5,6.3,242,620,.390,316,382,.827,.550,.509,.438,31.9,1798,4291,.419
Mychel Thompson,1.5,4.6,192,589,.326,247,325,.760,.465,.427,.431,22.9,4,11,.364
Tristan Thompson,0.0,0.0,0,0,,127,261,.487,.536,.546,.000,22.4,9,32,.281
Edwin Ubiles,0.8,2.2,103,292,.353,262,390,.672,.549,.530,.185,24.2,1,5,.200
Nikola Vučević,0.4,1.4,37,122,.303,191,256,.746,.571,.535,.169,22.7,276,825,.335
Kemba Walker,1.1,3.5,126,387,.326,501,640,.783,.539,.475,.287,26.2,1463,4062,.360
Derrick Williams,0.7,1.3,46,90,.511,405,563,.719,.660,.621,.136,27.9,251,838,.300
Elliot Williams,1.0,2.9,69,200,.345,217,302,.719,.573,.521,.388,23.6,54,174,.310
Jordan Williams,0.0,0.0,0,0,,195,349,.559,.540,.528,.000,22.5,0,0,
Chris Wright,0.2,0.9,25,109,.229,394,595,.662,.537,.500,.090,27.4,0,1,.000
Quincy Acy,0.0,0.1,3,7,,351,496,.708,.635,.604,.008,19.1,183,523,.350
Josh Akognon,2.8,7.6,335,900,.372,276,317,.871,.560,.523,.616,26.6,1,2,.500
Harrison Barnes,1.5,4.4,116,332,.349,234,319,.734,.524,.487,.326,27.3,760,2028,.375
Will Barton,1.1,3.6,76,254,.299,192,262,.733,.549,.517,.302,24.9,572,1649,.347
Aron Baynes,0.0,0.0,1,3,,275,394,.698,.585,.546,.004,23.2,84,257,.327
Kent Bazemore,0.7,2.1,100,299,.334,284,489,.581,.510,.490,.259,23.8,590,1683,.351
Bradley Beal,1.7,5.0,63,186,.339,133,173,.769,.575,.525,.473,23.0,1241,3268,.380
Patrick Beverley,2.0,5.2,138,361,.382,197,270,.730,.560,.521,.530,19.7,693,1820,.381
Chris Copeland,1.0,2.9,117,324,.361,155,221,.701,.549,.519,.485,23.3,154,422,.365
Jae Crowder,1.4,4.1,103,294,.350,196,287,.683,.584,.560,.386,21.9,871,2565,.340
Jared Cunningham,0.9,2.5,84,244,.344,427,566,.754,.576,.505,.292,24.5,19,62,.306
Anthony Davis,0.1,0.5,3,20,.150,144,203,.709,.654,.628,.059,18.8,253,794,.319
Andre Drummond,0.0,0.1,0,2,.000,26,88,.295,.509,.538,.007,20.9,15,103,.146
Kim English,1.7,4.3,239,606,.394,301,414,.727,.551,.517,.494,23.8,14,50,.280
Festus Ezeli,0.0,0.0,0,0,,274,469,.584,.577,.562,.000,23.7,0,0,
Diante Garrett,0.8,2.6,98,330,.297,256,351,.729,.485,.447,.266,22.9,39,111,.351
Draymond Green,0.6,1.7,91,252,.361,340,495,.687,.543,.506,.217,23.7,521,1632,.319
Ben Hansbrough,2.0,4.8,263,649,.405,358,458,.782,.612,.570,.590,19.0,6,23,.261
Maurice Harkless,0.5,2.5,17,79,.215,94,139,.676,.504,.472,.185,24.9,324,997,.325
John Henson,0.0,0.2,5,24,,169,349,.484,.501,.500,.025,22.7,20,80,.250
Justin Holiday,0.5,1.4,58,169,.343,92,125,.736,.520,.494,.297,16.4,629,1748,.360
Bernard James,0.0,0.0,0,0,,123,233,.528,.613,.627,.000,19.7,0,3,.000
John Jenkins,3.1,7.1,306,699,.438,320,374,.856,.648,.607,.634,24.2,117,319,.367
Chris Johnson,1.7,4.6,236,636,.371,295,357,.826,.580,.535,.581,21.0,104,339,.307
Orlando Johnson,1.8,4.6,222,568,.391,510,708,.720,.566,.526,.352,31.3,47,151,.311
Darius Johnson-Odom,2.1,5.2,221,549,.403,312,432,.722,.564,.532,.437,26.2,0,4,.000
DeQuan Jones,0.1,0.5,10,59,.169,96,152,.632,.480,.451,.129,20.7,9,35,.257
Kevin Jones,0.8,2.5,110,349,.315,256,378,.677,.551,.531,.237,20.8,0,0,
Perry Jones,0.2,0.7,12,43,.279,162,239,.678,.558,.531,.065,22.4,36,123,.293
Terrence Jones,0.6,1.7,42,128,.328,256,401,.638,.526,.493,.156,25.4,93,313,.297
Kris Joseph,0.8,2.4,112,338,.331,382,544,.702,.546,.500,.309,21.9,0,3,.000
Michael Kidd-Gilchrist,0.3,1.3,13,51,.255,143,192,.745,.570,.511,.156,20.6,28,103,.272
Doron Lamb,1.8,3.9,144,303,.475,202,249,.811,.627,.589,.437,19.9,50,127,.394
Jeremy Lamb,1.6,4.5,117,336,.348,145,180,.806,.580,.553,.406,22.2,494,1457,.339
Meyers Leonard,0.0,0.2,1,12,.083,105,144,.729,.601,.569,.034,21.1,324,831,.390
Damian Lillard,2.4,6.1,246,630,.390,520,600,.867,.606,.540,.481,28.6,1776,4764,.373
Scott Machado,0.9,2.7,123,360,.342,432,584,.740,.534,.479,.292,23.6,1,2,.500
Kendall Marshall,0.7,1.8,48,131,.366,113,163,.693,.541,.505,.323,14.7,128,346,.370
Fab Melo,0.0,0.0,0,0,,47,85,.553,.577,.576,.000,15.9,0,0,
Khris Middleton,1.1,3.3,92,287,.321,209,272,.768,.534,.489,.364,25.5,903,2303,.392
Darius Miller,1.2,3.0,175,462,.379,185,227,.815,.568,.537,.467,17.3,327,856,.382
Quincy Miller,0.6,1.9,24,69,.348,93,114,.816,.541,.485,.223,23.9,33,113,.292
Arnett Moultrie,0.3,1.0,28,97,.289,232,343,.676,.557,.527,.112,21.9,0,0,
Kevin Murphy,1.5,4.0,191,513,.372,416,567,.734,.542,.503,.322,30.0,1,5,.200
Andrew Nicholson,0.2,0.6,29,77,,456,633,.720,.616,.585,.055,29.1,87,271,.321
Kyle O'Quinn,0.4,1.6,54,207,.261,333,486,.685,.602,.577,.188,23.0,31,142,.218
Miles Plumlee,0.0,0.0,1,1,,125,200,.625,.575,.559,.002,16.2,0,0,
Austin Rivers,1.7,4.7,58,159,.365,121,184,.658,.538,.505,.396,25.2,612,1757,.348
Brian Roberts,2.3,5.3,293,665,.441,365,430,.849,.596,.554,.461,26.8,217,610,.356
Thomas Robinson,0.1,0.1,7,14,,229,378,.606,.550,.529,.019,28.3,0,6,.000
Terrence Ross,1.7,4.6,116,319,.364,97,127,.764,.557,.536,.456,23.8,1068,2887,.370
Robert Sacre,0.0,0.0,1,4,,451,614,.735,.575,.504,.005,22.8,0,1,.000
Mike Scott,0.1,0.3,16,44,.364,352,454,.775,.575,.529,.039,24.1,441,1210,.364
Henry Sims,0.0,0.1,2,17,.118,161,246,.654,.524,.481,.038,21.3,4,23,.174
Kyle Singler,1.8,5.0,267,736,.363,497,643,.773,.548,.504,.392,24.7,299,826,.362
Jared Sullinger,0.3,0.7,19,52,.365,363,495,.733,.591,.541,.061,27.4,141,518,.272
Jeffery Taylor,0.9,2.4,115,321,.358,452,652,.693,.562,.524,.233,26.0,82,257,.319
Tyshawn Taylor,0.8,2.2,120,324,.370,358,506,.708,.566,.529,.280,21.8,9,25,.360
Marquis Teague,0.7,2.0,26,80,.325,85,119,.714,.491,.449,.227,20.2,10,45,.222
Jarvis Varnado,0.0,0.0,1,4,,306,514,.595,.597,.590,.004,18.9,0,0,
Dion Waiters,1.0,2.8,69,198,.348,125,166,.753,.551,.516,.362,25.0,575,1660,.346
Maalik Wayns,1.0,3.4,94,323,.291,339,400,.848,.537,.464,.351,26.9,7,31,.226
Chris Wright,1.2,3.4,127,373,.340,294,393,.748,.561,.520,.361,22.8,0,0,
Tony Wroten,0.3,1.6,9,56,.161,154,264,.583,.488,.453,.125,31.2,84,363,.231
Luke Zeller,0.8,2.3,107,297,.360,35,61,.574,.534,.529,.625,17.6,1,5,.200
Tyler Zeller,0.0,0.0,0,2,,407,525,.775,.597,.543,.002,24.1,10,35,.286
Steven Adams,0.0,0.0,0,0,,31,70,.443,.555,.571,.000,17.7,1,10,.100
Chris Babb,1.7,4.7,220,613,.359,118,161,.733,.536,.514,.764,14.5,6,27,.222
Anthony Bennett,1.0,2.7,36,96,.375,124,177,.701,.609,.580,.253,27.5,36,138,.261
Vander Blue,0.5,1.8,52,188,.277,226,321,.704,.505,.461,.229,22.0,2,13,.154
Lorenzo Brown,0.6,2.1,64,210,.305,283,382,.741,.513,.463,.220,21.8,18,106,.170
Reggie Bullock,1.9,4.9,188,486,.387,85,118,.720,.568,.555,.596,18.2,397,1030,.385
Trey Burke,1.8,5.0,133,362,.367,226,291,.777,.556,.519,.374,27.4,480,1391,.345
Dwight Buycks,0.8,2.2,54,150,.360,79,115,.687,.529,.505,.342,18.3,27,73,.370
Nick Calathes,1.8,4.8,131,345,.380,279,390,.715,.573,.533,.413,,30,104,.288
Kentavious Caldwell-Pope,2.3,6.9,149,439,.339,188,250,.752,.543,.507,.539,27.0,881,2524,.349
Isaiah Canaan,2.3,5.5,304,725,.419,476,593,.803,.606,.558,.514,26.7,366,1042,.351
Michael Carter-Williams,0.6,2.1,42,137,.307,142,209,.679,.493,.445,.303,21.3,167,652,.256
Dionte Christmas,2.5,6.8,319,886,.360,420,540,.778,.571,.530,.579,26.0,9,31,.290
Ian Clark,2.6,6.0,340,800,.425,218,269,.810,.626,.605,.569,23.6,240,705,.340
Robert Covington,1.5,3.7,182,431,.422,320,399,.802,.583,.545,.329,25.5,927,2606,.356
Allen Crabbe,2.1,5.6,209,547,.382,262,320,.819,.571,.533,.458,23.3,617,1596,.387
Seth Curry,2.3,5.9,325,825,.394,412,498,.827,.578,.534,.521,23.8,446,1007,.443
Troy Daniels,2.0,5.2,251,650,.386,68,87,.782,.567,.553,.851,20.9,555,1404,.395
Brandon Davies,0.0,0.1,6,18,,456,691,.660,.562,.525,.015,26.4,10,44,.227
Dewayne Dedmon,0.0,0.1,0,4,.000,54,88,.614,.536,.520,.014,19.5,155,466,.333
Matthew Dellavedova,2.1,5.6,288,761,.378,465,541,.860,.575,.516,.535,21.2,396,1075,.368
Gorgui Dieng,0.0,0.0,1,3,,174,272,.640,.568,.546,.005,16.4,116,339,.342
Shane Edwards,0.5,1.5,28,94,.298,129,201,.642,.536,.505,.221,23.0,0,0,
Carrick Felix,1.1,3.2,99,304,.326,174,247,.704,.552,.522,.406,21.0,2,5,.400
Jamaal Franklin,1.2,3.8,98,325,.302,340,436,.780,.550,.484,.383,29.9,6,13,.462
Archie Goodwin,0.5,1.9,17,64,.266,135,212,.637,.509,.464,.179,27.2,45,191,.236
Jorge Gutiérrez,0.7,1.9,85,250,.340,323,438,.737,.528,.474,.261,21.8,3,17,.176
Justin Hamilton,0.0,0.1,3,12,,177,239,.741,.580,.538,.022,18.4,68,220,.309
Tim Hardaway,1.9,5.5,202,589,.343,276,381,.724,.539,.507,.475,25.2,944,2671,.353
Elias Harris,0.6,1.6,78,219,.356,447,618,.723,.587,.547,.170,24.6,0,0,
Solomon Hill,0.8,2.2,115,307,.375,341,458,.745,.582,.538,.303,19.7,292,868,.336
Scotty Hopson,1.5,4.1,151,426,.354,204,304,.671,.537,.514,.398,25.3,0,2,.000
Robbie Hummel,1.7,4.4,216,555,.389,390,464,.841,.577,.525,.422,24.2,48,140,.343
Ryan Kelly,0.8,2.1,102,269,.379,219,272,.805,.585,.535,.394,18.8,102,323,.316
Shane Larkin,1.5,4.0,101,269,.375,147,182,.808,.566,.524,.460,20.4,117,348,.336
Alex Len,0.0,0.2,1,9,.111,132,199,.663,.569,.539,.022,20.7,96,288,.333
Ray McCallum,1.0,3.3,97,335,.290,429,593,.723,.556,.507,.286,23.7,71,212,.335
CJ McCollum,2.0,5.2,217,576,.377,610,739,.825,.563,.501,.330,32.4,1017,2563,.397
Ben McLemore,2.0,4.7,73,174,.420,120,138,.870,.633,.586,.435,23.2,620,1695,.366
Gal Mekel,0.8,2.7,52,170,.306,93,115,.809,.505,.452,.480,,5,23,.217
Tony Mitchell,0.8,2.6,69,229,.301,143,227,.630,.544,.530,.247,23.8,0,1,.000
Tony Mitchell,0.9,2.6,48,141,.340,191,272,.702,.576,.536,.268,23.2,1,1,1.000
Shabazz Muhammad,1.3,3.3,40,106,.377,128,180,.711,.528,.487,.232,29.8,123,386,.319
Erik Murphy,1.1,2.4,143,329,,115,152,.757,.622,.606,.426,21.0,0,3,.000
Toure' Murry,1.0,3.1,135,434,.311,366,480,.763,.510,.458,.339,23.5,5,12,.417
Mike Muscala,0.2,0.5,21,67,.313,569,695,.819,.574,.508,.046,28.4,272,740,.368
James Nunnally,1.5,3.9,187,484,.386,382,487,.784,.588,.542,.403,25.0,16,50,.320
Victor Oladipo,0.5,1.4,48,142,.338,257,359,.716,.604,.570,.188,22.7,651,1862,.350
Kelly Olynyk,0.2,0.7,25,75,.333,202,285,.709,.641,.616,.132,24.9,568,1524,.373
Arinze Onuaku,0.0,0.0,0,0,,152,385,.395,.606,.648,.000,18.8,0,0,
Mason Plumlee,0.0,0.1,2,10,,332,569,.583,.584,.575,.011,20.2,2,32,.063
Otto Porter,0.9,2.4,55,155,.355,181,241,.751,.585,.545,.264,20.9,551,1364,.404
Phil Pressey,1.2,3.3,114,329,.347,203,268,.757,.510,.466,.405,20.5,48,189,.254
Glen Rice,1.1,3.3,100,289,.346,129,211,.611,.520,.503,.398,23.0,6,24,.250
Andre Roberson,0.5,1.4,50,143,.350,198,340,.582,.561,.549,.193,19.0,111,435,.255
Peyton Siva,0.7,2.4,99,340,.291,292,396,.737,.516,.467,.344,20.7,7,25,.280
Chris Smith,1.3,3.7,161,458,.352,251,357,.703,.510,.475,.411,20.9,0,0,
Tony Snell,1.6,4.2,165,434,.380,165,201,.821,.571,.533,.588,20.1,621,1611,.385
James Southerland,1.4,3.7,153,413,.370,77,104,.740,.569,.555,.570,20.4,3,6,.500
D.J. Stephens,0.1,0.4,17,46,.370,81,128,.633,.655,.653,.139,12.8,0,0,
Adonis Thomas,0.7,2.3,41,126,.325,102,137,.745,.501,.466,.241,22.1,1,5,.200
Hollis Thompson,1.3,2.9,128,291,.440,115,170,.676,.592,.577,.451,18.3,363,941,.386
Casper Ware,1.6,4.7,213,610,.349,456,582,.784,.531,.475,.418,25.1,7,21,.333
Royce White,0.1,0.4,4,12,.333,102,205,.498,.536,.540,.037,26.5,0,0,
Jeff Withey,0.0,0.0,1,1,,283,390,.726,.616,.569,.002,19.7,2,14,.143
Nate Wolters,1.2,3.6,158,462,.342,648,807,.803,.560,.497,.269,29.3,18,69,.261
Cody Zeller,0.0,0.0,0,2,,359,475,.756,.643,.592,.003,25.4,28,113,.248
Jordan Adams,1.4,4.3,98,296,.331,287,342,.839,.589,.529,.371,25.3,10,26,.385
Kyle Anderson,0.5,1.4,36,96,.375,223,303,.736,.531,.479,.143,22.2,82,264,.311
Cameron Bairstow,0.0,0.0,2,6,,401,559,.717,.577,.519,.007,23.3,1,5,.200
Jerrelle Benimon,0.3,0.9,36,110,.327,365,532,.686,.585,.544,.130,23.1,0,0,
Sim Bhullar,0.0,0.0,0,0,,137,276,.496,.607,.633,.000,20.4,0,0,
Tarik Black,0.0,0.0,0,1,,244,440,.555,.607,.614,.001,19.5,2,14,.143
Jabari Brown,2.2,5.7,137,355,.386,301,385,.782,.598,.540,.510,24.0,23,62,.371
Markel Brown,1.1,3.1,146,421,.347,407,555,.733,.545,.497,.335,22.2,56,190,.295
Will Cherry,0.9,3.1,101,354,.285,405,564,.718,.528,.474,.311,25.6,2,9,.222
Patrick Christopher,1.2,3.6,164,480,.342,258,316,.816,.541,.507,.338,23.1,0,4,.000
Jordan Clarkson,1.0,3.2,95,295,.322,392,487,.805,.548,.484,.274,27.8,674,1973,.342
Jack Cooley,0.0,0.0,1,2,,228,344,.663,.621,.601,.003,21.1,0,0,
Bryce Cotton,2.0,5.7,266,736,.361,487,581,.838,.571,.512,.507,22.7,7,23,.304
Andre Dawkins,1.6,4.0,231,568,.407,123,160,.769,.604,.584,.744,18.7,1,6,.167
Spencer Dinwiddie,1.3,3.5,115,298,.386,420,506,.830,.599,.504,.432,21.8,439,1379,.318
Larry Drew,0.6,1.8,79,230,.343,119,198,.601,.495,.474,.361,15.2,7,35,.200
Cleanthony Early,1.5,4.3,113,325,.348,280,342,.819,.596,.541,.411,28.6,26,99,.263
James Ennis,1.5,4.1,98,277,.354,190,241,.788,.615,.574,.457,21.5,269,768,.350
Tyler Ennis,0.9,2.5,30,85,.353,114,149,.765,.511,.453,.236,21.9,66,208,.317
Tim Frazier,0.5,1.8,74,239,.310,453,585,.774,.517,.449,.197,24.0,125,380,.329
Langston Galloway,2.6,6.1,343,806,.426,334,407,.821,.588,.552,.537,21.0,601,1637,.367
Aaron Gordon,0.4,1.2,16,45,.356,76,180,.422,.503,.516,.118,23.2,441,1383,.319
Drew Gordon,0.0,0.0,2,4,,191,277,.690,.570,.543,.005,23.5,0,3,.000
Jerami Grant,0.1,0.3,6,20,.300,161,251,.641,.536,.494,.052,19.1,372,1073,.347
Erick Green,1.1,3.2,140,414,.338,418,520,.804,.543,.488,.305,25.3,15,52,.288
JaMychal Green,0.0,0.1,3,17,.176,425,598,.711,.564,.520,.014,27.4,276,737,.374
P.J. Hairston,1.8,5.1,127,364,.349,140,175,.800,.544,.500,.642,25.8,119,404,.295
Gary Harris,2.1,5.6,146,388,.376,189,240,.788,.571,.533,.495,24.6,541,1501,.360
Joe Harris,1.9,4.8,263,646,.407,299,414,.722,.577,.548,.506,23.6,622,1459,.426
Rodney Hood,1.8,4.4,118,298,.396,136,176,.773,.569,.539,.426,20.5,583,1566,.372
Cory Jefferson,0.1,0.4,17,50,.340,280,424,.660,.582,.554,.063,21.4,2,16,.125
Grant Jerrett,0.9,2.3,32,79,.405,18,22,.818,.535,.513,.513,15.6,1,15,.067
Nick Johnson,1.3,3.7,144,401,.359,307,418,.734,.535,.490,.383,22.7,5,21,.238
Tyler Johnson,0.9,2.5,119,320,.372,249,348,.716,.543,.511,.297,21.5,385,1072,.359
Sean Kilpatrick,2.2,6.4,313,901,.347,418,536,.780,.552,.512,.534,26.0,194,579,.335
Alex Kirk,0.3,1.4,35,139,.252,203,297,.684,.542,.510,.176,22.1,0,0,
Zach LaVine,1.3,3.5,48,128,.375,47,68,.691,.545,.524,.444,20.1,646,1721,.375
Kalin Lucas,1.1,2.8,149,395,.377,507,637,.796,.532,.473,.251,26.1,0,1,.000
Devyn Marble,1.0,2.9,134,396,.338,432,595,.726,.516,.464,.291,24.8,12,54,.222
James Michael McAdoo,0.0,0.1,0,9,,298,524,.569,.476,.447,.009,25.5,5,17,.294
K.J. McDaniels,0.9,2.8,81,259,.313,230,300,.767,.547,.501,.322,26.5,70,241,.290
Doug McDermott,1.9,4.1,274,598,.458,594,715,.831,.652,.616,.288,32.3,504,1224,.412
Mitch McGary,0.0,0.0,0,2,,39,76,.513,.582,.588,.007,21.0,0,6,.000
Jerel McNeal,1.3,3.6,164,473,.347,369,515,.717,.524,.490,.287,27.8,1,2,.500
Elijah Millsap,0.6,2.0,50,172,.291,290,461,.629,.490,.449,.187,29.9,29,104,.279
Eric Moreland,0.1,0.3,8,24,,156,294,.531,.547,.544,.054,16.6,1,1,1.000
Shabazz Napier,1.8,4.8,260,693,.375,509,626,.813,.562,.501,.479,24.0,345,1000,.345
Nerlens Noel,0.0,0.0,0,0,,55,104,.529,.583,.590,.000,17.4,2,7,.286
Johnny O'Bryant,0.1,0.3,6,27,.222,257,415,.619,.501,.470,.028,28.2,18,50,.360
Jabari Parker,1.1,3.0,38,106,.358,160,214,.748,.558,.511,.212,32.7,202,624,.324
Adreian Payne,0.4,1.1,61,149,.409,277,367,.755,.601,.562,.175,22.9,15,59,.254
Elfrid Payton,0.3,1.1,30,112,.268,394,645,.611,.533,.500,.109,25.6,158,546,.289
Dwight Powell,0.2,0.8,33,114,.289,402,557,.722,.533,.479,.103,23.8,103,351,.293
Julius Randle,0.1,0.5,3,18,.167,204,289,.706,.567,.505,.046,25.4,168,570,.295
Glenn Robinson,0.7,2.4,56,179,.313,158,220,.718,.593,.567,.269,18.6,177,474,.373
JaKarr Sampson,0.0,0.2,1,13,.077,148,244,.607,.491,.470,.016,26.7,57,227,.251
Marcus Smart,1.4,4.6,87,295,.295,349,465,.751,.542,.470,.388,28.2,584,1835,.318
Russ Smith,1.4,3.9,180,521,.345,488,642,.760,.528,.473,.347,32.6,3,16,.188
Nik Stauskas,2.3,5.2,172,390,.441,242,291,.832,.638,.591,.564,21.0,396,1121,.353
David Stockton,0.5,1.7,70,229,.306,145,207,.700,.529,.490,.435,15.5,3,5,.600
Jarnell Stokes,0.0,0.0,0,3,,307,489,.628,.560,.530,.004,24.2,0,0,
Noah Vonleh,0.5,1.1,16,33,.485,96,134,.716,.604,.560,.153,21.4,92,297,.310
T.J. Warren,0.6,2.0,45,143,.315,195,298,.654,.593,.579,.150,28.6,247,685,.361
David Wear,0.5,1.1,60,142,.423,120,163,.736,.538,.513,.190,16.8,0,1,.000
Travis Wear,0.2,0.4,20,50,.400,182,228,.798,.553,.516,.059,18.8,28,77,.364
Shayne Whittington,0.1,0.4,8,48,,279,367,.760,.570,.520,.059,22.9,1,8,.125
Andrew Wiggins,1.2,3.6,43,126,.341,176,227,.775,.563,.499,.299,26.3,540,1625,.332
C.J. Wilcox,2.3,5.9,301,773,.389,299,356,.840,.571,.535,.523,24.1,19,57,.333
James Young,2.1,5.9,82,235,.349,125,177,.706,.536,.498,.522,23.4,38,137,.277
Cliff Alexander,0.0,0.0,0,0,,53,79,.671,.598,.566,.000,20.1,0,0,
Justin Anderson,1.0,2.8,97,272,.357,200,266,.752,.549,.503,.407,22.3,144,486,.296
Keith Appling,1.0,2.9,138,413,.334,389,520,.748,.544,.491,.362,20.7,0,3,.000
Devin Booker,1.5,3.7,58,141,.411,53,64,.828,.600,.571,.491,22.8,669,1890,.354
Anthony Brown,1.5,3.8,218,541,.403,308,410,.751,.556,.518,.447,20.1,28,98,.286
Willie Cauley-Stein,0.0,0.0,0,0,,151,297,.508,.582,.593,.000,16.9,4,19,.211
Rakeem Christmas,0.0,0.0,0,1,,228,335,.681,.588,.560,.001,17.4,0,0,
Coty Clarke,0.5,1.2,34,77,.442,160,206,.777,.575,.513,.199,19.6,2,2,1.000
Pat Connaughton,1.9,5.0,268,695,.386,167,215,.777,.587,.567,.607,16.9,217,630,.344
Branden Dawson,0.0,0.1,0,9,,177,317,.558,.562,.559,.009,21.2,0,0,
Bryce Dejean-Jones,1.0,3.1,120,357,.336,264,386,.684,.523,.487,.347,25.0,12,32,.375
Sam Dekker,1.3,3.6,142,408,.348,223,321,.695,.585,.563,.403,22.9,89,309,.288
Duje Dukan,0.5,1.4,44,134,,42,64,,.535,.516,.540,18.6,2,5,.400
Jarell Eddie,1.6,4.3,192,526,.365,224,276,.812,.525,.481,.529,21.7,19,65,.292
Jerian Grant,1.5,4.4,179,519,.345,448,567,.790,.563,.506,.407,23.1,174,539,.323
Montrezl Harrell,0.1,0.4,11,40,,217,407,.533,.586,.592,.044,21.0,5,50,.100
Aaron Harrison,1.5,4.6,121,361,.335,218,277,.787,.536,.487,.462,22.4,12,55,.218
Darrun Hilliard,1.6,4.3,209,569,.367,320,428,.748,.569,.529,.506,22.4,31,102,.304
Rondae Hollis-Jefferson,0.1,0.5,8,39,.205,248,356,.697,.560,.504,.075,20.2,44,207,.213
Richaun Holmes,0.3,0.9,30,85,.353,253,363,.697,.605,.574,.117,21.8,39,152,.257
Josh Huestis,0.5,1.5,66,207,.319,169,277,.610,.509,.489,.238,17.0,39,125,.312
R.J. Hunter,2.6,7.2,253,715,.354,448,525,.853,.579,.519,.541,27.5,26,88,.295
Stanley Johnson,1.1,3.1,43,116,.371,132,178,.742,.551,.501,.297,26.6,244,832,.293
Tyus Jones,1.2,3.2,47,124,.379,144,162,.889,.575,.489,.383,18.7,174,505,.345
Frank Kaminsky,0.7,1.9,103,279,.369,297,389,.763,.609,.573,.275,25.5,379,1093,.347
Sasha Kaun,0.0,0.0,0,0,,168,328,.512,.562,.568,.000,18.6,0,0,
Kevon Looney,0.6,1.5,22,53,.415,92,147,.626,.532,.505,.165,19.7,6,40,.150
Trey Lyles,0.1,0.8,4,29,.138,75,102,.735,.543,.496,.121,20.8,313,918,.341
Jarell Martin,0.6,2.0,41,133,.308,202,293,.689,.560,.525,.203,22.8,63,182,.346
T.J. McConnell,1.0,2.6,138,363,.380,176,235,.749,.573,.551,.323,17.4,88,265,.332
Chris McCullough,0.1,0.1,1,1,1.000,40,71,.563,.508,.482,.009,20.7,15,49,.306
Jordan McRae,1.6,4.6,179,522,.343,350,455,.769,.541,.492,.439,27.8,83,234,.355
Jordan Mickey,0.0,0.2,1,14,.071,186,278,.669,.548,.519,.020,22.4,2,17,.118
Xavier Munford,2.1,6.4,130,388,.335,211,297,.710,.510,.472,.439,29.0,9,25,.360
Larry Nance,0.3,1.0,36,117,.308,330,428,.771,.587,.540,.120,22.8,102,315,.324
Jahlil Okafor,0.0,0.0,0,0,,99,194,.510,.641,.664,.000,27.6,4,18,.222
Kelly Oubre,0.9,2.6,34,95,.358,79,110,.718,.555,.512,.383,23.1,421,1281,.329
Lamar Patterson,1.1,3.1,171,463,.369,285,394,.723,.549,.513,.422,22.5,13,55,.236
Cameron Payne,2.3,6.3,156,434,.359,253,324,.781,.551,.509,.431,30.5,138,401,.344
Bobby Portis,0.3,0.9,23,63,.365,202,274,.737,.574,.540,.081,24.2,270,749,.360
Norman Powell,0.8,2.5,111,354,.314,259,347,.746,.548,.512,.325,20.3,322,891,.361
Willie Reed,0.0,0.0,0,0,,136,272,.500,.563,.574,.000,25.4,2,6,.333
Josh Richardson,0.7,2.3,98,308,.318,238,314,.758,.542,.504,.306,19.0,504,1387,.363
Terry Rozier,1.2,3.5,84,254,.331,176,228,.772,.507,.463,.337,24.7,507,1368,.371
D'Angelo Russell,2.7,6.6,95,231,.411,118,156,.756,.573,.541,.449,30.2,747,2098,.356
Jonathon Simmons,1.1,2.8,32,83,.386,101,141,.716,.599,.565,.276,26.1,145,457,.317
Alex Stepheson,0.0,0.0,0,0,,142,286,.497,.521,.520,.000,18.1,0,0,
Karl-Anthony Towns,0.1,0.2,2,8,.250,109,134,.813,.627,.570,.031,23.7,507,1280,.396
Myles Turner,0.5,1.8,17,62,.274,94,112,.839,.556,.488,.241,25.1,261,732,.357
Rashad Vaughn,2.3,6.1,54,141,.383,68,98,.694,.547,.521,.430,30.8,83,265,.313
Briante Weber,0.3,1.1,40,146,.274,230,299,.769,.515,.455,.210,17.0,5,26,.192
Alan Williams,0.0,0.0,0,3,,458,649,.706,.540,.492,.002,32.0,0,2,.000
Justise Winslow,1.2,2.8,46,110,.418,100,156,.641,.572,.551,.309,22.9,190,563,.337
Christian Wood,0.6,2.2,36,138,.261,148,198,.747,.557,.513,.280,24.7,67,182,.368
Delon Wright,0.6,1.9,38,127,.299,306,376,.814,.629,.565,.200,22.1,168,491,.342
Joe Young,2.2,5.6,288,739,.390,460,519,.886,.586,.537,.430,25.3,40,135,.296
Ron Baker,2.0,5.3,242,655,.369,350,437,.801,.579,.534,.544,22.1,35,132,.265
Wade Baldwin,1.2,2.9,84,199,.422,240,300,.800,.578,.508,.366,22.0,9,36,.250
Malik Beasley,1.6,4.2,55,142,.387,104,128,.813,.583,.541,.361,24.3,307,791,.388
DeAndre' Bembry,1.2,3.8,120,385,.312,310,494,.628,.528,.504,.303,24.9,77,286,.269
Ben Bentil,0.9,2.7,61,188,.324,251,330,.761,.554,.499,.267,25.1,0,1,.000
Joel Bolomboy,0.3,0.7,36,97,,464,651,.713,.598,.548,.104,21.4,1,5,.200
Malcolm Brogdon,1.4,3.7,185,507,.365,422,482,.876,.556,.496,.362,25.3,319,828,.385
Jaylen Brown,0.9,3.0,30,102,.294,142,217,.654,.518,.471,.270,31.4,391,1055,.371
Marquese Chriss,0.6,1.8,21,60,.350,88,129,.682,.585,.561,.178,24.1,152,525,.290
Semaj Christon,0.4,1.2,26,77,.338,282,421,.670,.525,.479,.098,28.2,12,63,.190
Quinn Cook,1.7,4.4,236,629,.375,267,313,.853,.568,.528,.509,20.2,169,415,.407
Deyonta Davis,0.0,0.0,0,0,,23,38,.605,.601,.598,.000,19.2,0,1,.000
Malcolm Delaney,1.9,5.3,264,727,.363,721,853,.845,.567,.484,.459,25.4,72,234,.308
Cheick Diallo,0.0,0.0,0,0,,15,27,.556,.572,.569,.000,21.7,2,7,.286
Kris Dunn,0.8,2.2,73,206,.354,293,423,.693,.531,.488,.218,24.6,127,415,.306
Henry Ellenson,0.9,3.2,30,104,.288,143,191,.749,.534,.480,.239,26.7,47,137,.343
Joel Embiid,0.0,0.2,1,5,.200,98,143,.685,.655,.629,.029,23.4,238,747,.319
Kay Felder,1.4,4.1,143,415,.345,514,625,.822,.553,.481,.319,26.5,11,41,.268
Yogi Ferrell,2.0,5.0,272,681,.399,440,530,.830,.575,.524,.462,22.7,280,763,.367
Dorian Finney-Smith,1.4,3.8,185,511,.362,284,432,.657,.520,.490,.438,21.9,269,815,.330
Bryn Forbes,2.3,5.4,324,745,.435,288,351,.821,.611,.578,.592,20.8,430,1075,.400
Patricio Garino,0.8,2.2,102,280,.364,314,468,.671,.579,.554,.251,21.3,0,5,.000
Michael Gbinije,1.3,3.4,159,411,.387,200,313,.639,.561,.543,.457,21.1,0,4,.000
Marcus Georges-Hunt,0.9,2.9,122,371,.329,468,625,.749,.536,.479,.282,23.3,5,17,.294
Jonathan Gibson,2.0,5.0,259,650,.398,222,293,.758,.569,.543,.535,22.9,21,57,.368
Treveon Graham,1.4,4.0,200,565,.354,446,645,.691,.542,.502,.395,26.8,120,360,.333
A.J. Hammons,0.0,0.2,6,23,,361,523,.690,.574,.541,.020,26.2,5,10,.500
Andrew Harrison,0.9,2.4,69,188,.367,285,367,.777,.517,.430,.315,21.3,95,323,.294
Buddy Hield,2.6,6.8,349,894,.390,376,450,.836,.584,.548,.511,26.6,873,2126,.411
Danuel House,1.7,5.0,202,598,.338,387,554,.699,.533,.493,.455,25.3,218,591,.369
Brandon Ingram,2.2,5.4,80,195,.410,116,170,.682,.552,.525,.403,25.6,277,770,.360
Demetrius Jackson,1.3,3.4,133,349,.381,241,308,.782,.582,.542,.393,20.1,4,14,.286
Pierre Jackson,2.1,5.6,157,414,.379,298,369,.808,.583,.530,.468,27.1,3,11,.273
Brice Johnson,0.0,0.0,0,0,,288,407,.708,.598,.575,.000,24.8,0,1,.000
Damian Jones,0.0,0.1,1,8,,296,524,.565,.573,.567,.009,26.6,2,9,.222
Derrick Jones,0.3,1.3,8,39,.205,79,133,.594,.611,.607,.178,23.2,71,252,.282
Skal Labissière,0.0,0.1,0,2,.000,41,62,.661,.540,.516,.011,22.1,30,85,.353
Jake Layman,1.4,3.9,198,547,.362,274,361,.759,.572,.536,.505,19.3,100,324,.309
Caris LeVert,1.3,3.2,134,334,.401,204,265,.770,.552,.514,.396,22.8,272,803,.339
Shawn Long,0.8,2.4,112,328,.341,488,722,.676,.564,.535,.189,28.4,7,19,.368
Sheldon Mac,1.3,3.7,178,523,.340,517,632,.818,.580,.519,.376,23.2,7,30,.233
Patrick McCaw,1.9,5.2,125,341,.367,122,162,.753,.567,.539,.548,20.0,92,302,.305
Rodney McGruder,1.4,3.7,188,494,.381,252,332,.759,.557,.527,.393,21.3,191,569,.336
Dejounte Murray,1.0,3.5,34,118,.288,110,166,.663,.485,.451,.243,25.9,59,168,.351
Jamal Murray,3.1,7.7,113,277,.408,119,152,.783,.590,.559,.515,27.1,544,1518,.358
Maurice Ndour,0.7,1.8,45,116,.388,240,317,.757,.578,.530,.167,25.4,1,7,.143
Georges Niang,1.4,3.6,188,502,.375,342,448,.763,.583,.556,.296,26.9,134,346,.387
David Nwaba,0.0,0.3,4,24,,297,457,.650,.521,.476,.030,26.9,55,160,.344
Daniel Ochefu,0.0,0.0,0,4,,207,333,.622,.611,.600,.006,17.9,0,0,
Chinanu Onuaku,0.0,0.0,0,1,,47,86,.547,.614,.619,.003,16.1,0,0,
Gary Payton,0.8,2.6,49,162,.302,144,221,.652,.538,.518,.214,23.8,21,82,.256
Marshall Plumlee,0.0,0.0,1,1,,116,209,.555,.643,.667,.004,11.4,0,0,
Jakob Poeltl,0.0,0.0,0,1,,219,362,.605,.653,.658,.002,23.8,1,2,.500
Alex Poythress,0.3,0.9,29,96,.302,225,328,.686,.602,.574,.149,19.3,19,53,.358
Tim Quarterman,1.0,3.2,98,316,.310,190,288,.660,.506,.469,.463,19.4,5,15,.333
Chasson Randle,2.1,5.5,304,787,.386,551,684,.806,.566,.514,.443,25.9,62,164,.378
Malachi Richardson,2.1,6.1,79,224,.353,113,157,.720,.510,.465,.544,23.1,28,93,.301
Domantas Sabonis,0.1,0.2,5,14,,229,314,.729,.662,.636,.023,23.9,90,280,.321
Wayne Selden,1.5,4.1,162,443,.366,196,310,.632,.538,.519,.457,20.7,111,324,.343
Pascal Siakam,0.0,0.3,3,17,.176,241,339,.711,.586,.553,.021,25.4,240,718,.334
Diamond Stone,0.0,0.0,0,0,,102,134,.761,.610,.568,.000,26.7,0,0,
Isaiah Taylor,0.4,1.3,35,119,.294,395,499,.792,.499,.421,.117,26.1,20,82,.244
Mike Tobey,0.0,0.1,6,19,.316,143,203,.704,.559,.535,.025,24.2,0,0,
Tyler Ulis,1.2,3.3,88,237,.371,209,247,.846,.563,.499,.390,19.3,63,225,.280
Jarrod Uthoff,1.4,3.6,137,358,.383,245,308,.795,.557,.517,.352,24.0,6,18,.333
Denzel Valentine,1.8,4.5,265,650,.408,222,285,.779,.569,.544,.497,22.0,262,715,.366
Fred VanVleet,1.0,2.6,141,365,.386,372,462,.805,.551,.491,.336,21.1,377,960,.393
Taurean Waller-Prince,1.0,2.7,130,346,.376,255,355,.718,.557,.524,.340,27.3,478,1305,.366
Okaro White,0.5,1.5,69,211,.327,401,502,.799,.593,.530,.224,21.0,16,47,.340
Isaiah Whitehead,2.1,5.8,117,326,.359,196,259,.757,.500,.452,.429,30.8,51,167,.305
Troy Williams,0.4,1.2,38,117,.325,253,359,.705,.581,.546,.148,23.7,43,144,.299
Kyle Wiltjer,1.7,4.0,248,583,.425,281,341,.824,.605,.574,.411,26.0,4,13,.308
Stephen Zimmerman,0.2,0.7,5,17,.294,63,101,.624,.519,.488,.079,21.9,0,0,
Bam Adebayo,0.0,0.0,0,0,,154,236,.653,.624,.599,.000,18.5,5,36,.139
Jarrett Allen,0.0,0.2,0,7,.000,84,149,.564,.571,.566,.022,22.6,11,66,.167
Kadeem Allen,0.7,1.8,50,125,.400,153,211,.725,.560,.514,.277,18.5,22,63,.349
Ike Anigbogu,0.0,0.0,0,0,,23,43,.535,.564,.564,.000,18.4,0,0,
OG Anunoby,0.5,1.5,27,74,.365,47,90,.522,.609,.620,.311,19.0,229,627,.365
Ryan Arcidiacono,1.8,5.1,261,729,.358,369,461,.800,.554,.503,.594,19.2,144,386,.373
Jamel Artis,1.3,3.3,170,450,.378,368,485,.759,.580,.539,.366,24.2,8,29,.276
Dwayne Bacon,1.3,4.1,89,285,.312,214,292,.733,.533,.497,.306,29.1,68,197,.345
Lonzo Ball,2.2,5.4,80,194,.412,66,98,.673,.673,.668,.566,18.1,313,918,.341
Jordan Bell,0.0,0.2,3,16,,121,192,.630,.619,.612,.028,15.9,4,18,.222
Khem Birch,0.0,0.0,0,0,,195,292,.668,.576,.531,.000,17.6,0,2,.000
Jabari Bird,1.6,4.4,187,504,.371,140,186,.753,.555,.534,.495,21.3,3,7,.429
Antonio Blakeney,1.6,4.7,105,303,.347,181,246,.736,.549,.514,.406,22.2,51,143,.357
Chris Boucher,1.1,3.2,75,218,.344,150,234,.641,.611,.598,.387,21.9,50,156,.321
Tony Bradley,0.0,0.0,0,0,,65,105,.619,.590,.573,.000,20.7,3,4,.750
Dillon Brooks,1.2,3.4,133,367,.362,305,384,.794,.565,.526,.295,26.4,256,715,.358
Sterling Brown,0.9,2.1,128,284,.451,194,252,.770,.616,.586,.363,16.7,129,374,.345
Thomas Bryant,0.4,1.1,28,75,.373,204,284,.718,.648,.619,.146,22.2,71,200,.355
Alex Caruso,0.7,2.0,91,268,.340,235,343,.685,.543,.509,.319,18.1,77,213,.362
Tyler Cavanaugh,1.1,3.0,155,417,.372,479,584,.820,.575,.510,.342,25.6,33,94,.351
Gian Clavell,2.1,5.9,149,412,.362,215,308,.698,.541,.507,.493,25.5,6,15,.400
Antonius Cleveland,0.5,1.8,62,215,.288,324,529,.612,.542,.520,.182,23.6,3,7,.429
John Collins,0.0,0.0,0,1,,229,314,.729,.638,.601,.002,27.8,130,352,.369
Zach Collins,0.3,0.5,10,21,.476,110,148,.743,.703,.676,.101,24.8,82,253,.324
Kyle Collinsworth,0.2,0.8,30,107,.280,443,690,.642,.527,.489,.083,21.7,4,17,.235
Charles Cooke,1.3,3.5,159,436,.365,399,568,.702,.547,.502,.374,23.1,1,8,.125
Matt Costello,0.0,0.1,2,12,,176,247,.713,.600,.569,.021,18.0,0,0,
Torrey Craig,2.3,6.9,297,899,.330,337,502,.671,.520,.495,.497,29.5,123,384,.320
Tyler Dorsey,2.1,5.0,155,373,.416,216,295,.732,.591,.558,.496,22.6,116,331,.350
Damyean Dotson,1.8,4.8,243,639,.380,199,250,.796,.574,.551,.460,21.5,207,573,.361
Milton Doyle,1.2,3.4,140,407,.344,390,543,.718,.540,.495,.331,28.3,4,23,.174
PJ Dozier,0.7,2.7,52,188,.277,114,197,.579,.455,.435,.266,27.7,19,57,.333
Jawun Evans,1.0,2.5,55,135,.407,225,275,.818,.547,.488,.196,29.8,15,57,.263
De'Aaron Fox,0.5,1.9,17,69,.246,156,212,.736,.549,.498,.154,27.5,187,570,.328
Markelle Fultz,2.1,5.0,52,126,.413,109,168,.649,.558,.535,.287,31.4,40,150,.267
Josh Gray,0.4,1.8,37,171,.216,123,189,.651,.451,.420,.256,23.2,3,13,.231
Daniel Hamilton,1.3,3.9,93,276,.337,142,184,.772,.481,.443,.355,24.9,10,28,.357
Josh Hart,1.4,3.6,207,532,.389,360,500,.720,.614,.589,.401,22.7,291,825,.353
Nigel Hayes,0.7,2.0,101,304,,546,820,.666,.531,.483,.224,24.3,4,16,.250
Reggie Hearn,0.8,2.3,77,218,.353,152,202,,.578,.536,.450,20.3,1,2,.500
Myke Henry,0.6,1.9,76,228,.333,147,209,.703,.546,.522,.282,23.9,19,58,.328
Isaiah Hicks,0.0,0.0,1,6,,271,374,.725,.609,.572,.008,20.3,2,9,.222
John Holland,2.0,5.6,255,718,.355,511,633,.807,.562,.510,.431,29.2,11,36,.306
Andre Ingram,2.2,5.8,265,689,.385,270,343,.787,.521,.486,.484,24.4,5,12,.417
Jonathan Isaac,1.0,2.8,31,89,.348,92,118,.780,.614,.568,.348,20.3,134,406,.330
Wesley Iwundu,0.4,1.1,51,151,.338,348,506,.688,.540,.491,.165,19.9,66,207,.319
Aaron Jackson,0.9,2.5,104,304,.342,278,360,.772,.608,.573,.303,18.7,1,4,.250
Josh Jackson,1.0,2.6,34,90,.378,98,173,.566,.559,.552,.210,27.2,153,514,.298
Justin Jackson,1.4,4.2,168,496,.339,228,320,.713,.545,.521,.370,23.3,192,593,.324
Mike James,1.3,3.9,74,218,.339,147,183,.803,.532,.494,.307,29.1,26,98,.265
Dakari Johnson,0.0,0.0,0,0,,128,229,.559,.550,.537,.000,20.6,0,0,
Omari Johnson,0.7,2.4,84,287,.293,108,180,.600,.496,.479,.419,19.9,4,12,.333
Jalen Jones,0.5,1.6,65,208,.313,434,627,.692,.529,.482,.167,26.4,20,54,.370
Luke Kennard,2.0,5.1,143,373,.383,248,286,.867,.600,.548,.455,22.9,260,647,.402
Luke Kornet,1.2,3.7,150,469,.320,219,281,.779,.540,.499,.511,20.5,129,380,.339
Kyle Kuzma,0.5,1.8,51,169,.302,171,270,.633,.560,.541,.230,25.9,373,1128,.331
T.J. Leaf,0.8,1.7,27,58,.466,72,106,.679,.660,.652,.152,22.0,31,91,.341
Damion Lee,2.1,5.7,257,710,.362,487,578,.843,.578,.521,.484,26.0,127,367,.346
Walt Lemon,0.8,2.5,104,324,.321,361,502,.719,.518,.478,.228,27.6,3,6,.500
Tyler Lydon,1.4,3.5,98,245,.400,169,209,.809,.602,.560,.420,17.3,4,10,.400
Lauri Markkanen,1.9,4.4,69,163,.423,137,164,.835,.635,.584,.434,22.5,374,1050,.356
Frank Mason,1.3,3.0,185,440,.420,482,633,.761,.574,.524,.328,21.8,51,171,.298
Mangok Mathiang,0.0,0.0,0,0,,133,222,.599,.531,.506,.000,14.9,0,0,
Erik McCree,1.1,3.3,138,404,.342,316,428,.738,.558,.519,.349,25.5,0,1,.000
Trey McKinney-Jones,1.0,2.6,124,342,.363,188,254,.740,.559,.525,.443,17.7,0,0,
Alfonzo McKinnie,0.3,0.8,27,77,,120,193,.622,.549,.531,.144,21.9,59,192,.307
Malcolm Miller,0.9,2.5,105,284,.370,244,319,.765,.564,.515,.381,20.1,26,64,.406
Donovan Mitchell,1.5,4.6,98,298,.329,130,165,.788,.532,.495,.470,23.3,548,1542,.355
Naz Mitrou-Long,2.0,5.2,260,685,.380,130,173,.751,.603,.587,.718,18.6,5,24,.208
Malik Monk,2.7,6.9,104,262,.397,148,180,.822,.586,.543,.470,27.2,250,777,.322
Ben Moore,0.0,0.0,1,5,,295,445,.663,.571,.539,.006,19.9,0,0,
Monte Morris,1.1,2.9,152,399,.381,284,364,.780,.566,.533,.299,17.7,159,400,.398
Johnathan Motley,0.1,0.5,12,50,.240,259,396,.654,.553,.525,.054,27.0,2,10,.200
Abdel Nader,1.1,3.6,128,420,.305,215,294,.731,.484,.448,.380,27.5,103,293,.352
Royce O'Neale,1.1,2.7,145,363,.399,301,401,.751,.602,.561,.421,18.1,202,538,.375
Semi Ojeleye,1.4,3.4,81,195,.415,186,237,.785,.618,.567,.421,24.9,116,341,.340
Marcus Paige,2.1,5.7,299,798,.375,347,411,.844,.553,.509,.542,20.4,2,8,.250
Justin Patton,0.2,0.4,8,15,.533,45,87,.517,.671,.689,.051,22.0,1,6,.167
Brandon Paul,1.5,4.7,211,650,.325,401,554,.724,.511,.462,.479,27.5,15,54,.278
London Perrantes,1.5,3.7,211,516,.409,220,271,.812,.552,.512,.526,17.2,0,3,.000
Alec Peters,2.2,5.2,289,694,.416,479,566,.846,.621,.576,.428,25.6,18,58,.310
Jacob Pullen,2.2,6.1,299,828,.361,527,684,.770,.554,.502,.518,27.3,0,1,.000
Rodney Purvis,1.7,4.6,231,636,.363,226,354,.638,.519,.500,.465,22.9,13,52,.250
Ivan Rabb,0.1,0.3,9,22,.409,227,341,.666,.584,.551,.038,21.9,3,15,.200
Xavier Rathan-Mayes,1.3,4.3,127,432,.294,249,374,.666,.519,.487,.426,23.6,1,14,.071
Davon Reed,1.5,3.9,202,512,.395,265,340,.779,.569,.529,.503,20.2,13,42,.310
Devin Robinson,1.0,2.8,100,298,.336,167,234,.714,.548,.518,.402,19.9,0,2,.000
Ben Simmons,0.0,0.1,1,3,.333,199,297,.670,.600,.561,.008,26.4,2,24,.083
Kobi Simmons,0.9,2.6,32,98,.327,69,89,.775,.500,.452,.349,22.0,11,39,.282
Dennis Smith,1.7,4.8,55,153,.359,143,200,.715,.563,.520,.364,27.2,189,601,.314
Edmond Sumner,0.6,2.2,37,130,.285,216,296,.730,.536,.468,.272,23.5,21,80,.263
Caleb Swanigan,0.9,2.3,59,157,.376,231,304,.760,.586,.543,.223,26.3,2,17,.118
Jayson Tatum,1.4,4.0,40,117,.342,118,139,.849,.566,.507,.321,26.2,410,1022,.401
Sindarius Thornwell,1.4,4.0,179,528,.339,570,739,.771,.518,.451,.347,25.8,28,80,.350
Tyrone Wallace,0.9,3.1,118,404,.292,329,537,.613,.485,.457,.285,24.9,15,74,.203
Derrick Walton,1.8,4.6,233,581,.401,374,447,.837,.574,.514,.544,20.8,17,41,.415
Jameel Warney,0.0,0.0,0,0,,364,615,.592,.601,.596,.000,24.2,0,0,
James Webb,1.2,3.6,74,224,.330,146,216,.676,.598,.579,.370,22.6,4,19,.211
Andrew White,2.0,5.0,217,550,.395,220,280,.786,.599,.567,.583,24.4,18,49,.367
Derrick White,1.7,4.2,57,144,.396,148,182,.813,.627,.578,.356,25.3,135,371,.364
Jacob Wiley,0.1,0.1,5,8,.625,162,196,.827,.684,.644,.019,27.8,1,2,.500
C.J. Williams,0.5,1.7,67,218,.307,82,112,.732,.531,.512,.320,15.9,27,94,.287
Matt Williams,2.2,6.0,274,740,.370,105,136,.772,.545,.526,.779,18.7,1,5,.200
D.J. Wilson,0.7,2.0,49,135,.363,58,71,,.614,.592,.369,19.0,66,205,.322
Jamil Wilson,0.7,2.0,87,259,.336,196,277,.708,.518,.485,.285,20.3,27,63,.429
Jaylen Adams,2.5,6.2,270,685,.394,578,690,.838,.607,.535,.550,23.6,25,74,.338
Deng Adel,1.1,3.3,101,290,.348,197,254,.776,.543,.501,.363,22.3,6,23,.261
DeVaughn Akoon-Purcell,0.8,2.7,49,163,.301,209,283,.739,.520,.467,.254,29.0,0,4,.000
Rawle Alkins,1.3,3.5,77,211,.365,145,199,.729,.558,.521,.392,22.2,3,12,.250
Grayson Allen,2.0,5.4,291,766,.380,493,591,.834,.591,.533,.544,24.1,89,240,.371
Kostas Antetokounmpo,0.1,0.5,2,15,.133,33,64,.516,.575,.584,.149,20.9,0,0,
Deandre Ayton,0.3,1.0,12,35,.343,140,191,.733,.650,.625,.078,26.6,3,17,.176
Marvin Bagley,0.7,1.8,23,58,.397,131,209,.627,.643,.640,.132,26.3,34,118,.288
Mohamed Bamba,0.5,1.7,14,51,.275,81,119,.681,.593,.567,.189,21.3,58,177,.328
Keita Bates-Diop,1.1,3.2,123,349,.352,211,272,.776,.567,.534,.351,23.8,47,155,.303
Jaron Blossomgame,0.8,2.4,96,304,.316,383,529,.724,.564,.525,.236,23.4,10,39,.256
Jonah Bolden,0.3,1.2,9,36,.250,33,45,.733,.499,.451,.293,12.1,34,100,.340
Mikal Bridges,1.5,3.7,171,428,.400,224,265,.845,.656,.623,.490,18.3,175,507,.345
Miles Bridges,2.0,5.5,127,339,.375,156,201,.776,.576,.548,.413,27.2,164,500,.328
Isaiah Briscoe,0.3,1.4,22,96,.229,151,272,.555,.491,.472,.148,20.3,11,34,.324
Ryan Broekhoff,1.9,4.6,252,618,.408,315,385,.818,.619,.578,.560,21.5,58,144,.403
Bruce Brown,0.9,3.0,49,155,.316,134,191,.702,.532,.493,.323,21.0,57,189,.302
Troy Brown,0.9,3.1,32,110,.291,78,105,.743,.532,.494,.342,21.0,83,248,.335
Jalen Brunson,1.5,3.9,177,450,.393,332,405,.820,.628,.588,.396,24.0,106,301,.352
Deonte Burton,0.7,1.7,68,168,.405,176,265,.664,.542,.518,.199,27.7,18,80,.225
Jevon Carter,1.7,4.7,241,678,.355,343,430,.798,.534,.491,.471,21.0,96,248,.387
Wendell Carter,0.5,1.2,19,46,.413,124,168,.738,.628,.591,.144,22.8,12,61,.197
Troy Caupain,1.1,3.3,154,455,.338,297,390,.762,.516,.467,.417,19.9,2,3,.667
Joe Chealey,1.4,4.0,179,516,.347,582,723,.805,.549,.472,.391,25.8,0,4,.000
Chris Chiozza,0.9,2.9,130,398,.327,207,277,.747,.507,.465,.453,17.7,29,77,.377
Gary Clark,0.4,1.0,54,141,.383,324,464,.698,.583,.551,.136,18.4,80,249,.321
Bonzie Colson,0.4,1.1,48,137,.350,366,474,.772,.592,.549,.119,25.3,5,21,.238
Tyler Davis,0.1,0.3,7,26,,312,483,.646,.631,.618,.031,23.9,0,0,
Ángel Delgado,0.0,0.0,0,5,,305,566,.539,.544,.538,.004,21.1,0,0,
Marcus Derrickson,1.3,3.3,117,295,.397,214,250,.856,.606,.551,.461,19.8,10,20,.500
Hamidou Diallo,0.7,2.1,26,77,.338,77,125,.616,.498,.470,.246,22.6,20,81,.247
Donte DiVincenzo,1.5,4.0,130,344,.378,134,190,,.591,.570,.533,20.9,105,330,.318
Trevon Duval,0.8,2.9,31,107,.290,53,89,.596,.489,.473,.309,21.3,1,1,1.000
Vince Edwards,1.3,3.2,173,441,.392,287,350,.820,.581,.543,.355,21.3,1,4,.250
Drew Eubanks,0.0,0.0,0,0,,233,336,.693,.622,.598,.000,21.0,1,1,1.000
Jacob Evans,1.7,4.4,174,462,.377,213,282,.755,.551,.518,.469,20.9,17,54,.315
Melvin Frazier,0.9,2.8,81,260,.312,198,303,.653,.560,.536,.349,20.6,8,22,.364
Billy Garrett,1.1,3.5,141,437,.323,565,672,.841,.537,.445,.364,25.6,0,8,.000
Harry Giles,0.0,0.0,0,0,,12,24,.500,.570,.577,.000,17.9,0,8,.000
Shai Gilgeous-Alexander,0.6,1.5,23,57,.404,143,175,.817,.578,.516,.151,21.9,138,390,.354
Brandon Goodwin,0.9,3.1,118,392,.301,383,535,.716,.563,.523,.323,24.1,28,93,.301
Devonte' Graham,2.1,5.1,296,723,.409,362,460,.787,.578,.536,.558,19.7,252,706,.357
Donte Grantham,1.4,4.2,161,484,.333,135,186,.726,.519,.496,.498,18.8,0,2,.000
Dusty Hannahs,1.8,4.7,242,612,.395,293,330,.888,.582,.534,.537,22.7,2,8,.250
Aaron Holiday,1.8,4.2,180,427,.422,311,391,.795,.580,.535,.404,23.3,130,348,.374
Kevin Huerter,2.1,5.4,138,350,.394,95,127,.748,.603,.584,.597,19.3,263,687,.383
Isaac Humphries,0.0,0.0,0,0,,26,40,.650,.500,.473,.000,15.7,3,11,.273
Chandler Hutchison,0.6,1.8,79,224,.353,353,514,.687,.551,.512,.204,26.9,26,88,.295
Frank Jackson,1.4,3.6,51,129,.395,77,102,.755,.598,.564,.459,21.1,100,313,.319
Jaren Jackson,1.1,2.7,38,96,.396,106,133,.797,.647,.595,.414,23.5,196,510,.384
Amile Jefferson,0.0,0.0,0,0,,227,395,.575,.617,.620,.000,15.4,0,0,
Alize Johnson,1.2,3.8,81,249,.325,219,306,.716,.551,.511,.334,26.4,4,10,.400
B.J. Johnson,1.4,4.2,129,385,.335,253,300,,.545,.494,.407,27.7,6,16,.375
Jemerrio Jones,0.1,1.0,9,65,.138,98,171,.573,.521,.510,.109,22.3,2,10,.200
George King,1.4,3.6,181,451,.401,225,308,.731,.564,.534,.451,23.1,0,0,
Kevin Knox,1.5,4.5,57,167,.341,127,164,.774,.556,.510,.380,24.6,190,563,.337
Zach Lofton,1.7,5.3,170,528,.322,407,524,.777,.538,.481,.426,28.7,0,1,.000
Jordan Loyd,0.5,1.9,14,54,.259,41,62,.661,.460,.413,.360,20.1,4,8,.500
Daryl Macon,2.1,5.2,150,370,.405,290,333,.871,.623,.557,.529,24.2,6,13,.462
J.P. Macura,1.3,3.7,182,517,.352,319,400,.798,.576,.530,.468,21.2,0,4,.000
Yante Maten,0.5,1.1,58,144,.403,518,686,.755,.561,.505,.106,27.5,0,1,.000
Tahjere McCall,0.3,1.2,31,135,.230,363,536,.677,.503,.444,.149,23.9,0,1,.000
De'Anthony Melton,0.6,2.1,21,74,.284,77,109,.706,.530,.483,.320,17.7,69,235,.294
Chimezie Metu,0.1,0.4,13,43,.302,281,406,.692,.573,.540,.046,23.1,0,4,.000
Shake Milton,2.2,5.1,190,445,.427,200,253,.791,.595,.562,.518,19.7,72,179,.402
Sviatoslav Mykhailiuk,1.7,4.3,237,579,.409,100,134,.746,.563,.548,.587,19.3,144,374,.385
Josh Okogie,1.1,2.8,66,173,.382,313,403,.777,.550,.481,.231,27.4,101,369,.274
Theo Pinson,0.4,1.5,46,179,.257,197,264,.746,.520,.465,.297,16.8,27,126,.214
Cameron Reynolds,1.4,4.3,193,577,.334,199,278,.716,.491,.464,.457,22.1,21,51,.412
Duncan Robinson,2.1,4.9,237,565,.419,121,140,.864,.629,.606,.720,17.8,280,641,.437
Jerome Robinson,1.8,4.7,159,423,.376,308,408,.755,.551,.514,.339,27.4,67,210,.319
Brandon Sampson,1.0,3.1,85,262,.324,137,184,.745,.563,.525,.513,19.8,11,29,.379
Collin Sexton,1.3,4.0,44,131,.336,196,252,.778,.567,.498,.299,32.9,216,551,.392
Landry Shamet,2.2,5.1,159,364,.437,163,201,.811,.641,.609,.590,19.8,278,692,.402
Jordan Sibert,1.5,4.1,184,506,.364,237,321,.738,.574,.538,.594,23.2,1,1,1.000
Zhaire Smith,0.5,1.1,18,40,.450,91,127,.717,.618,.588,.144,18.3,6,19,.316
Ray Spalding,0.1,0.3,6,25,.240,143,247,.579,.570,.562,.042,19.4,0,3,.000
Omari Spellman,1.6,3.8,65,150,.433,49,70,.700,.588,.573,.446,18.3,87,238,.366
Khyri Thomas,1.3,3.2,131,323,.406,151,210,.719,.607,.589,.385,19.6,15,49,.306
Gary Trent,2.6,6.5,97,241,.402,85,97,.876,.567,.528,.564,19.5,117,289,.405
Allonzo Trier,1.8,4.9,144,381,.378,369,446,.827,.628,.566,.460,24.6,71,185,.384
Jarred Vanderbilt,0.0,0.1,0,1,.000,24,38,.632,.476,.426,.015,20.8,0,2,.000
Moritz Wagner,1.0,2.7,110,286,.385,162,232,.698,.633,.618,.371,24.7,47,157,.299
Lonnie Walker,1.8,5.1,56,162,.346,48,65,.738,.527,.503,.509,22.4,46,114,.404
Brad Wanamaker,0.5,1.5,67,195,.344,311,431,.722,.534,.478,.239,20.9,53,141,.376
Yuta Watanabe,1.2,3.5,156,463,.337,286,363,.788,.533,.490,.387,19.8,5,24,.208
Thomas Welsh,0.3,0.9,46,113,,138,173,.798,.582,.561,.114,17.1,3,7,.429
Johnathan Williams,0.3,1.0,50,150,.333,320,559,.572,.547,.534,.138,21.2,0,4,.000
Kenrich Williams,1.0,2.6,101,269,.375,192,307,.625,.559,.542,.313,17.6,77,253,.304
Robert Williams,0.0,0.5,2,30,.067,92,170,.541,.590,.593,.060,21.4,0,0,
Trae Young,3.7,10.3,118,328,.360,236,274,.861,.585,.518,.531,37.1,361,1050,.344
Kyle Alexander,0.0,0.1,5,14,,132,207,.638,.608,.593,.034,12.6,0,0,
Nickeil Alexander-Walker,1.7,4.5,116,303,.383,158,207,.763,.582,.549,.448,24.6,46,133,.346
RJ Barrett,1.9,6.2,73,237,.308,149,224,.665,.532,.506,.338,32.2,63,197,.320
Bol Bol,1.4,2.8,13,25,.520,28,37,.757,.632,.610,.189,33.4,4,9,.444
Marques Bolden,0.0,0.1,0,7,,74,108,.685,.600,.573,.031,13.0,0,0,
Jordan Bone,1.0,2.7,91,258,.353,152,186,.817,.519,.481,.323,20.9,2,10,.200
Ky Bowman,2.3,5.8,221,570,.388,288,378,.762,.550,.516,.428,25.9,33,107,.308
Jarrell Brantley,0.9,2.6,112,317,.353,414,539,.768,.570,.527,.223,27.4,3,13,.231
Ignas Brazdeikis,1.5,3.9,56,143,.392,116,150,.773,.573,.531,.351,26.1,1,9,.111
Oshae Brissett,1.2,3.9,85,277,.307,273,371,.736,.484,.422,.333,23.6,3,15,.200
Charlie Brown,2.1,5.7,134,362,.370,204,244,.836,.537,.488,.441,24.0,3,9,.333
Moses Brown,0.0,0.0,0,0,,45,128,.352,.556,.607,.000,20.6,0,0,
Devontae Cacok,0.0,0.0,1,1,,290,490,.592,.637,.640,.001,22.4,0,0,
Zylan Cheatham,0.2,0.5,16,54,.296,316,460,.687,.588,.541,.086,20.5,0,1,.000
Brandon Clarke,0.1,0.2,6,24,.250,243,393,.618,.643,.642,.026,22.4,23,64,.359
Nicolas Claxton,0.4,1.3,26,86,.302,157,257,.611,.526,.490,.217,20.2,1,7,.143
Chris Clemons,3.4,9.4,444,1224,.363,733,860,.852,.594,.540,.531,36.1,37,107,.346
Amir Coffey,1.1,3.3,94,287,.328,329,448,.734,.550,.498,.309,22.5,6,19,.316
Tyler Cook,0.0,0.2,3,21,.143,324,507,.639,.571,.544,.023,26.0,0,0,
Jarrett Culver,1.4,4.1,104,305,.341,217,316,.687,.548,.518,.351,27.8,66,221,.299
Terence Davis,1.5,4.3,176,519,.339,238,332,.717,.543,.516,.421,27.0,94,242,.388
Luguentz Dort,1.6,5.2,54,176,.307,145,207,.700,.518,.467,.409,27.9,30,101,.297
Carsen Edwards,2.6,7.1,281,763,.368,371,454,.817,.547,.504,.496,32.2,24,76,.316
Tacko Fall,0.0,0.0,0,1,,166,384,.432,.679,.740,.001,21.5,0,0,
Bruno Fernando,0.1,0.2,4,13,.308,184,241,.763,.638,.599,.027,23.1,5,37,.135
Michael Frazier,2.2,5.2,227,526,.432,135,158,.854,.629,.601,.733,19.1,4,23,.174
Wenyen Gabriel,0.8,2.3,62,169,.367,69,111,.622,.534,.516,.490,14.6,6,20,.300
Daniel Gafford,0.0,0.0,0,0,,199,354,.562,.626,.635,.000,25.0,0,0,
Darius Garland,2.2,4.6,11,23,.478,12,16,.750,.657,.639,.426,27.9,105,296,.355
Javonte Green,0.2,0.8,24,101,.238,485,739,.656,.562,.528,.075,29.0,9,33,.273
Kyle Guy,2.4,5.6,254,597,.425,137,170,.806,.572,.552,.555,23.8,0,3,.000
Rui Hachimura,0.2,0.7,24,76,.316,282,378,.746,.629,.594,.095,26.9,25,87,.287
Devon Hall,0.9,2.3,115,296,.389,159,197,.807,.538,.498,.407,17.6,4,17,.235
Donta Hall,0.0,0.0,1,1,,213,351,.607,.657,.662,.002,16.1,0,0,
Jared Harper,2.0,5.6,213,594,.359,418,528,.792,.554,.486,.573,22.9,0,2,.000
Jaxson Hayes,0.0,0.0,0,0,,74,100,.740,.739,.728,.000,17.2,1,4,.250
Dewan Hernandez,0.0,0.1,0,5,.000,104,154,.675,.583,.560,.013,20.6,1,2,.500
Tyler Herro,1.6,4.6,60,169,.355,87,93,.935,.580,.536,.419,21.4,116,298,.389
Kevin Hervey,1.8,5.5,204,630,.324,317,413,.768,.547,.511,.439,27.8,3,20,.150
Jaylen Hoard,0.4,1.7,12,53,.226,91,127,.717,.519,.476,.160,24.6,0,3,.000
Talen Horton-Tucker,1.4,4.5,49,159,.308,55,88,.625,.488,.470,.416,26.2,4,13,.308
De'Andre Hunter,0.9,2.3,67,160,.419,197,255,.773,.606,.564,.264,24.7,108,304,.355
Justin James,1.2,3.6,158,469,.337,519,710,.731,.542,.493,.300,32.5,9,29,.310
DaQuan Jeffries,0.9,2.5,80,212,.377,157,204,.770,.631,.600,.372,19.6,5,18,.278
Ty Jerome,1.6,4.0,166,424,.392,119,151,.788,.558,.534,.508,21.9,14,50,.280
Cameron Johnson,1.9,4.7,259,639,.405,223,273,.817,.601,.571,.565,19.6,106,272,.390
Keldon Johnson,1.2,3.2,45,118,.381,109,155,.703,.558,.521,.316,22.7,13,22,.591
Mfiondu Kabengele,0.5,1.3,34,91,.374,202,279,.724,.580,.532,.182,26.9,9,20,.450
Stanton Kidd,0.9,2.2,56,143,.392,143,200,.715,.578,.552,.226,22.0,0,1,.000
Louis King,1.9,4.9,59,153,.386,62,79,.785,.552,.522,.450,25.0,4,11,.364
John Konchar,1.5,3.5,193,464,.416,354,508,.697,.643,.627,.340,19.2,5,10,.500
Romeo Langford,1.1,3.9,34,125,.272,140,194,.722,.542,.491,.316,26.1,5,27,.185
Vic Law,1.5,4.2,193,524,.368,287,371,.774,.525,.482,.437,22.4,1,7,.143
Nassir Little,0.4,1.4,14,52,.269,77,100,.770,.549,.504,.190,25.2,14,59,.237
Terance Mann,0.4,1.2,54,165,.327,258,385,.670,.602,.581,.180,17.2,7,20,.350
Caleb Martin,2.2,6.2,311,866,.359,364,502,.725,.555,.521,.593,23.9,20,37,.541
Cody Martin,0.4,1.3,52,160,.325,226,328,.689,.558,.529,.178,17.8,18,77,.234
Jeremiah Martin,1.2,3.6,147,452,.325,444,596,.745,.558,.503,.385,22.4,5,18,.278
Kelan Martin,1.6,4.7,224,644,.348,397,505,.786,.547,.506,.395,29.6,25,96,.260
Garrison Mathews,2.7,7.2,360,963,.374,608,771,.789,.602,.552,.569,29.0,19,46,.413
Jalen McDaniels,0.4,1.4,28,94,.298,182,240,.758,.565,.525,.140,24.2,9,24,.375
Jordan McLaughlin,1.4,3.8,185,488,.379,319,432,.738,.546,.510,.374,20.9,29,76,.382
Eric Mika,0.0,0.0,0,1,,336,475,.707,.580,.528,.001,27.1,0,0,
Matt Mooney,1.7,4.6,230,625,.368,311,403,.772,.554,.521,.410,26.4,0,2,.000
Ja Morant,1.3,3.8,84,245,.343,333,411,.810,.597,.536,.298,27.2,60,179,.335
Juwan Morgan,0.4,1.5,57,192,.297,283,422,.671,.613,.593,.209,22.1,3,8,.375
Mychal Mulder,0.7,1.9,37,108,.343,14,15,.933,.522,.500,.725,18.4,16,52,.308
Malik Newman,2.1,5.4,146,366,.399,142,182,.780,.571,.539,.534,21.6,0,1,.000
Zach Norvell,2.4,6.4,174,470,.370,163,195,.836,.592,.557,.609,22.6,3,8,.375
Jaylen Nowell,1.3,3.2,90,227,.396,195,247,.789,.563,.527,.257,26.0,3,26,.115
Kendrick Nunn,2.3,6.0,294,762,.386,239,291,.821,.557,.528,.517,24.7,137,391,.350
KZ Okpala,0.8,2.3,39,118,.331,190,282,.674,.520,.474,.211,25.2,0,1,.000
Miye Oni,2.0,5.6,174,489,.356,234,301,.777,.547,.510,.465,25.8,7,19,.368
Tariq Owens,0.2,0.5,20,71,,150,207,.725,.580,.550,.119,14.9,0,2,.000
Eric Paschall,1.2,3.7,170,513,.331,339,443,.765,.574,.535,.407,22.3,37,129,.287
Shamorie Ponds,1.9,5.9,187,570,.328,419,499,.840,.555,.501,.394,27.7,1,2,.500
Jordan Poole,1.5,4.1,115,311,.370,118,142,.831,.576,.540,.572,22.2,74,265,.279
Kevin Porter,1.3,3.2,28,68,.412,24,46,.522,.559,.561,.433,23.3,53,158,.335
Michael Porter,1.0,3.3,3,10,.300,7,9,.778,.438,.383,.333,36.5,62,147,.422
Josh Reaves,0.9,2.8,109,336,.324,158,225,.702,.522,.497,.363,18.1,0,2,.000
Cam Reddish,2.5,7.4,89,267,.333,88,114,.772,.499,.459,.618,25.3,83,250,.332
Naz Reid,0.8,2.5,28,84,.333,93,128,.727,.544,.507,.230,26.4,32,97,.330
Justin Robinson,1.2,3.1,151,392,.385,388,502,.773,.582,.524,.413,21.4,3,5,.600
Isaiah Roby,0.5,1.5,49,146,.336,177,252,.702,.555,.518,.248,18.9,0,0,
Admiral Schofield,1.4,3.6,184,476,.387,216,283,.763,.556,.530,.373,24.2,19,61,.311
Marial Shayok,0.9,2.4,126,331,.381,185,235,.787,.565,.535,.342,24.2,2,6,.333
Chris Silva,0.2,0.4,28,59,,577,791,.729,.587,.512,.065,25.7,0,3,.000
Max Strus,2.9,8.4,194,554,.350,226,274,.825,.562,.521,.577,24.7,0,1,.000
Matt Thomas,1.8,4.6,254,634,.401,128,157,.815,.586,.564,.687,15.8,47,99,.475
Matisse Thybulle,1.4,4.0,191,534,.358,169,216,.782,.550,.522,.520,17.0,56,157,.357
Juan Toscano-Anderson,0.3,0.9,33,114,,89,150,.593,.486,.462,.281,17.3,8,23,.348
Rayjon Tucker,1.2,2.8,115,278,.414,298,394,.756,.637,.592,.421,20.9,3,17,.176
Gabe Vincent,2.2,5.7,243,646,.376,206,268,.769,.538,.509,.533,22.9,6,27,.222
Dean Wade,1.0,2.6,128,332,.386,286,402,.711,.585,.556,.302,20.4,2,4,.500
P.J. Washington,0.5,1.4,38,99,.384,244,386,.632,.577,.551,.159,23.3,86,230,.374
Tremont Waters,1.9,5.7,128,376,.340,221,274,.807,.551,.503,.468,26.1,4,24,.167
Paul Watson,1.3,3.7,181,500,.362,250,354,.706,.528,.496,.446,19.4,4,12,.333
Quinndary Weatherspoon,1.4,3.9,187,508,.368,413,524,.788,.585,.544,.345,24.8,1,5,.200
Coby White,2.3,6.6,82,232,.353,104,130,.800,.556,.516,.523,26.8,133,376,.354
Grant Williams,0.3,1.0,30,103,.291,501,661,.758,.591,.530,.097,26.5,24,96,.250
Nigel Williams-Goss,1.0,2.9,97,293,.331,291,361,.806,.546,.504,.237,24.7,2,7,.286
Zion Williamson,0.7,2.2,24,71,.338,130,203,.640,.702,.708,.163,28.6,6,14,.429
Justin Wright-Foreman,2.2,5.7,277,718,.386,412,508,.811,.601,.565,.424,30.9,2,10,.200
